X	Y	X	Y	X	Y	X	Y	X	Y
0	0	0	0.654	0	1.097	0	119.4	0	85.714
0.01	0.003	0.01	0.654	0.01	1.097	0.01	119.361	0.01	85.714
0.99	0	0.99	0.66	0.99	1.096	0.99	118.926	0.99	85.714
1	0.003	1	0.66	1	1.096	1	118.92	1	85.714
1.01	0.007	1.01	0.66	1.01	1.096	1.01	118.914	1.01	85.714
1.99	0	1.99	0.665	1.99	1.095	1.99	118.341	1.99	85.714
2	0.003	2	0.665	2	1.095	2	118.35	2	85.714
2.01	0.007	2.01	0.665	2.01	1.095	2.01	118.344	2.01	85.714
2.99	0	2.99	0.671	2.99	1.093	2.99	117.867	2.99	85.714
3	0.003	3	0.671	3	1.093	3	117.853	3	85.714
3.01	0.007	3.01	0.671	3.01	1.093	3.01	117.849	3.01	85.714
3.99	0	3.99	0.676	3.99	1.092	3.99	117.445	3.99	85.714
4	0.003	4	0.676	4	1.092	4	117.421	4	85.714
4.01	0.007	4.01	0.676	4.01	1.092	4.01	117.417	4.01	85.714
4.99	0	4.99	0.682	4.99	1.091	4.99	117.043	4.99	85.714
5	0.003	5	0.682	5	1.091	5	117.041	5	85.714
5.01	0.007	5.01	0.682	5.01	1.091	5.01	117.038	5.01	85.714
5.99	0	5.99	0.687	5.99	1.09	5.99	116.666	5.99	85.714
6	0.003	6	0.687	6	1.09	6	116.664	6	85.714
6.01	0.007	6.01	0.687	6.01	1.09	6.01	116.66	6.01	85.714
6.99	0	6.99	0.693	6.99	1.089	6.99	116.28	6.99	85.714
7	0.003	7	0.693	7	1.089	7	116.278	7	85.714
7.01	0.007	7.01	0.693	7.01	1.089	7.01	116.274	7.01	85.714
7.99	0	7.99	0.698	7.99	1.088	7.99	115.887	7.99	85.714
8	0.003	8	0.699	8	1.088	8	115.885	8	85.714
8.01	0.007	8.01	0.699	8.01	1.088	8.01	115.881	8.01	85.714
8.99	0	8.99	0.704	8.99	1.087	8.99	115.489	8.99	85.714
9	0.003	9	0.704	9	1.087	9	115.485	9	85.714
9.01	0.007	9.01	0.704	9.01	1.087	9.01	115.481	9.01	85.714
9.99	0	9.99	0.71	9.99	1.086	9.99	115.086	9.99	85.714
10	0.003	10	0.71	10	1.086	10	115.082	10	85.714
10.01	0.007	10.01	0.71	10.01	1.086	10.01	115.078	10.01	85.714
10.99	0	10.99	0.715	10.99	1.085	10.99	114.682	10.99	85.714
11	0.003	11	0.715	11	1.085	11	114.678	11	85.714
11.01	0.007	11.01	0.715	11.01	1.085	11.01	114.674	11.01	85.714
11.99	0	11.99	0.721	11.99	1.084	11.99	114.278	11.99	85.714
12	0.003	12	0.721	12	1.084	12	114.274	12	85.714
12.01	0.007	12.01	0.721	12.01	1.084	12.01	114.27	12.01	85.714
12.99	0	12.99	0.726	12.99	1.083	12.99	113.874	12.99	85.714
13	0.003	13	0.727	13	1.083	13	113.87	13	85.714
13.01	0.007	13.01	0.727	13.01	1.083	13.01	113.866	13.01	85.714
13.99	0	13.99	0.732	13.99	1.082	13.99	113.47	13.99	85.714
14	0.003	14	0.732	14	1.082	14	113.466	14	85.714
14.01	0.007	14.01	0.732	14.01	1.082	14.01	113.462	14.01	85.714
14.99	0	14.99	0.738	14.99	1.081	14.99	113.067	14.99	85.714
15	0.003	15	0.738	15	1.081	15	113.063	15	85.714
15.01	0.007	15.01	0.738	15.01	1.081	15.01	113.059	15.01	85.714
15.99	0	15.99	0.743	15.99	1.08	15.99	112.664	15.99	85.714
16	0.003	16	0.743	16	1.08	16	112.66	16	85.714
16.01	0.007	16.01	0.744	16.01	1.08	16.01	112.656	16.01	85.714
16.99	0	16.99	0.749	16.99	1.078	16.99	112.263	16.99	85.714
17	0.003	17	0.749	17	1.078	17	112.261	17	85.714
17.01	0.007	17.01	0.749	17.01	1.078	17.01	112.257	17.01	85.714
17.99	0	17.99	0.755	17.99	1.077	17.99	111.865	17.99	85.714
18	0.003	18	0.755	18	1.077	18	111.86	18	85.714
18.01	0.007	18.01	0.755	18.01	1.077	18.01	111.856	18.01	85.714
18.99	0	18.99	0.76	18.99	1.076	18.99	111.466	18.99	85.714
19	0.003	19	0.76	19	1.076	19	111.46	19	85.714
19.01	0.007	19.01	0.76	19.01	1.076	19.01	111.456	19.01	85.714
19.99	0	19.99	0.766	19.99	1.075	19.99	111.068	19.99	85.714
20	0.003	20	0.766	20	1.075	20	111.064	20	85.714
20.01	0.007	20.01	0.766	20.01	1.075	20.01	111.06	20.01	85.714
20.99	0	20.99	0.772	20.99	1.074	20.99	110.674	20.99	85.714
21	0.003	21	0.772	21	1.074	21	110.669	21	85.714
21.01	0.007	21.01	0.772	21.01	1.074	21.01	110.665	21.01	85.714
21.99	0	21.99	0.777	21.99	1.073	21.99	110.281	21.99	85.714
22	0.003	22	0.777	22	1.073	22	110.275	22	85.714
22.01	0.007	22.01	0.778	22.01	1.073	22.01	110.271	22.01	85.714
22.99	0	22.99	0.783	22.99	1.072	22.99	109.89	22.99	85.714
23	0.003	23	0.783	23	1.072	23	109.885	23	85.714
23.01	0.007	23.01	0.783	23.01	1.072	23.01	109.881	23.01	85.714
23.99	0	23.99	0.789	23.99	1.071	23.99	109.503	23.99	85.714
24	0.003	24	0.789	24	1.071	24	109.499	24	85.714
24.01	0.007	24.01	0.789	24.01	1.071	24.01	109.495	24.01	85.714
24.99	0	24.99	0.794	24.99	1.07	24.99	109.12	24.99	85.714
25	0.003	25	0.795	25	1.07	25	109.115	25	85.714
25.01	0.007	25.01	0.795	25.01	1.07	25.01	109.112	25.01	85.714
25.99	0	25.99	0.8	25.99	1.069	25.99	108.74	25.99	85.714
26	0.003	26	0.8	26	1.069	26	108.737	26	85.714
26.01	0.007	26.01	0.8	26.01	1.069	26.01	108.733	26.01	85.714
26.99	0	26.99	0.806	26.99	1.068	26.99	108.364	26.99	85.714
27	0.003	27	0.806	27	1.068	27	108.362	27	85.714
27.01	0.007	27.01	0.806	27.01	1.068	27.01	108.359	27.01	85.714
27.99	0	27.99	0.812	27.99	1.067	27.99	107.993	27.99	85.714
28	0.003	28	0.812	28	1.067	28	107.989	28	85.714
28.01	0.007	28.01	0.812	28.01	1.067	28.01	107.985	28.01	85.714
28.99	0	28.99	0.817	28.99	1.066	28.99	107.624	28.99	85.714
29	0.003	29	0.817	29	1.066	29	107.619	29	85.714
29.01	0.007	29.01	0.817	29.01	1.066	29.01	107.616	29.01	85.714
29.99	0	29.99	0.823	29.99	1.065	29.99	107.258	29.99	85.714
30	0.003	30	0.823	30	1.065	30	107.251	30	85.714
30.01	0.007	30.01	0.823	30.01	1.065	30.01	107.247	30.01	85.714
30.99	0	30.99	0.829	30.99	1.064	30.99	106.893	30.99	85.714
31	0.003	31	0.829	31	1.064	31	106.891	31	85.714
31.01	0.007	31.01	0.829	31.01	1.064	31.01	106.887	31.01	85.714
31.99	0	31.99	0.834	31.99	1.063	31.99	106.537	31.99	85.714
32	0.003	32	0.834	32	1.063	32	106.534	32	85.714
32.01	0.007	32.01	0.835	32.01	1.063	32.01	106.53	32.01	85.714
32.99	0	32.99	0.84	32.99	1.062	32.99	106.183	32.99	85.714
33	0.003	33	0.84	33	1.062	33	106.179	33	85.714
33.01	0.007	33.01	0.84	33.01	1.062	33.01	106.176	33.01	85.714
33.99	0	33.99	0.846	33.99	1.061	33.99	105.833	33.99	85.714
34	0.003	34	0.846	34	1.061	34	105.829	34	85.714
34.01	0.007	34.01	0.846	34.01	1.061	34.01	105.826	34.01	85.714
34.99	0	34.99	0.852	34.99	1.06	34.99	105.486	34.99	85.714
35	0.003	35	0.852	35	1.06	35	105.483	35	85.714
35.01	0.007	35.01	0.852	35.01	1.06	35.01	105.479	35.01	85.714
35.99	0	35.99	0.857	35.99	1.059	35.99	105.144	35.99	85.714
36	0.003	36	0.857	36	1.059	36	105.141	36	85.714
36.01	0.007	36.01	0.857	36.01	1.059	36.01	105.137	36.01	85.714
36.99	0	36.99	0.863	36.99	1.058	36.99	104.806	36.99	85.714
37	0.003	37	0.863	37	1.058	37	104.803	37	85.714
37.01	0.007	37.01	0.863	37.01	1.058	37.01	104.799	37.01	85.714
37.99	0	37.99	0.869	37.99	1.057	37.99	104.472	37.99	85.714
38	0.003	38	0.869	38	1.057	38	104.469	38	85.714
38.01	0.007	38.01	0.869	38.01	1.057	38.01	104.465	38.01	85.714
38.99	0	38.99	0.874	38.99	1.056	38.99	104.142	38.99	85.714
39	0.003	39	0.874	39	1.056	39	104.139	39	85.714
39.01	0.007	39.01	0.874	39.01	1.056	39.01	104.136	39.01	85.714
39.99	0	39.99	0.88	39.99	1.055	39.99	103.817	39.99	85.714
40	0.003	40	0.88	40	1.055	40	103.814	40	85.714
40.01	0.007	40.01	0.88	40.01	1.055	40.01	103.81	40.01	85.714
40.99	0	40.99	0.886	40.99	1.054	40.99	103.496	40.99	85.714
41	0.003	41	0.886	41	1.054	41	103.492	41	85.714
41.01	0.007	41.01	0.886	41.01	1.054	41.01	103.489	41.01	85.714
41.99	0	41.99	0.891	41.99	1.053	41.99	103.179	41.99	85.714
42	0.003	42	0.891	42	1.053	42	103.175	42	85.714
42.01	0.007	42.01	0.891	42.01	1.053	42.01	103.172	42.01	85.714
42.99	0	42.99	0.897	42.99	1.052	42.99	102.866	42.99	85.714
43	0.003	43	0.897	43	1.052	43	102.863	43	85.714
43.01	0.007	43.01	0.897	43.01	1.052	43.01	102.86	43.01	85.714
43.99	0	43.99	0.903	43.99	1.052	43.99	102.558	43.99	85.714
44	0.003	44	0.903	44	1.052	44	102.555	44	85.714
44.01	0.007	44.01	0.903	44.01	1.052	44.01	102.552	44.01	85.714
44.99	0	44.99	0.908	44.99	1.051	44.99	102.254	44.99	85.714
45	0.003	45	0.908	45	1.051	45	102.251	45	85.714
45.01	0.007	45.01	0.908	45.01	1.051	45.01	102.248	45.01	85.714
45.99	0	45.99	0.914	45.99	1.05	45.99	101.955	45.99	85.714
46	0.003	46	0.914	46	1.05	46	101.952	46	85.714
46.01	0.007	46.01	0.914	46.01	1.05	46.01	101.949	46.01	85.714
46.99	0	46.99	0.92	46.99	1.049	46.99	101.66	46.99	85.714
47	0.003	47	0.92	47	1.049	47	101.657	47	85.714
47.01	0.007	47.01	0.92	47.01	1.049	47.01	101.654	47.01	85.714
47.99	0	47.99	0.925	47.99	1.048	47.99	101.369	47.99	85.714
48	0.003	48	0.925	48	1.048	48	101.366	48	85.714
48.01	0.007	48.01	0.925	48.01	1.048	48.01	101.364	48.01	85.714
48.99	0	48.99	0.931	48.99	1.047	48.99	101.083	48.99	85.714
49	0.003	49	0.931	49	1.047	49	101.081	49	85.714
49.01	0.007	49.01	0.931	49.01	1.047	49.01	101.078	49.01	85.714
49.99	0	49.99	0.936	49.99	1.046	49.99	100.802	49.99	85.714
50	0.003	50	0.936	50	1.046	50	100.799	50	85.714
50.01	0.007	50.01	0.937	50.01	1.046	50.01	100.797	50.01	85.714
50.99	0	50.99	0.942	50.99	1.046	50.99	100.525	50.99	85.714
51	0.003	51	0.942	51	1.046	51	100.523	51	85.714
51.01	0.007	51.01	0.942	51.01	1.046	51.01	100.52	51.01	85.714
51.99	0	51.99	0.948	51.99	1.045	51.99	100.253	51.99	85.714
52	0.003	52	0.948	52	1.045	52	100.251	52	85.714
52.01	0.007	52.01	0.948	52.01	1.045	52.01	100.248	52.01	85.714
52.99	0	52.99	0.953	52.99	1.044	52.99	99.986	52.99	85.714
53	0.003	53	0.953	53	1.044	53	99.983	53	85.714
53.01	0.007	53.01	0.951	53.01	1.044	53.01	99.98	53.01	85.714
53.25	0.087	53.25	0.908	53.25	1.044	53.25	100.1	53.25	85.714
53.583	0.198	53.583	0.851	53.583	1.043	53.583	99.751	53.583	85.714
53.99	0	53.99	0.787	53.99	1.041	53.99	98.967	53.99	85.714
54	0.003	54	0.785	54	1.041	54	98.945	54	85.714
54.01	0.007	54.01	0.784	54.01	1.041	54.01	98.923	54.01	85.643
54.25	0.087	54.25	0.748	54.25	1.045	54.25	98.36	54.25	83.993
54.583	0.198	54.583	0.702	54.583	1.05	54.583	97.512	54.583	81.829
54.99	0	54.99	0.649	54.99	1.056	54.99	96.407	54.99	79.376
55	0.003	55	0.648	55	1.056	55	96.379	55	79.319
55.01	0.007	55.01	0.647	55.01	1.056	55.01	96.351	55.01	79.261
55.25	0.087	55.25	0.618	55.25	1.059	55.25	95.672	55.25	77.91
55.583	0.198	55.583	0.58	55.583	1.063	55.583	94.708	55.583	76.138
55.99	0	55.99	0.536	55.99	1.067	55.99	93.508	55.99	74.13
56	0.003	56	0.535	56	1.067	56	93.478	56	74.083
56.01	0.007	56.01	0.534	56.01	1.067	56.01	93.449	56.01	74.035
56.25	0.087	56.25	0.511	56.25	1.07	56.25	92.731	56.25	72.929
56.583	0.198	56.583	0.479	56.583	1.072	56.583	91.726	56.583	71.478
56.99	0	56.99	0.444	56.99	1.075	56.99	90.494	56.99	69.835
57	0.003	57	0.443	57	1.075	57	90.464	57	69.796
57.01	0.007	57.01	0.442	57.01	1.075	57.01	90.433	57.01	69.757
57.25	0.087	57.25	0.423	57.25	1.077	57.25	89.704	57.25	68.852
57.583	0.198	57.583	0.397	57.583	1.079	57.583	88.69	57.583	67.664
57.99	0	57.99	0.368	57.99	1.081	57.99	87.456	57.99	66.318
58	0.003	58	0.368	58	1.081	58	87.426	58	66.286
58.01	0.007	58.01	0.367	58.01	1.081	58.01	87.396	58.01	66.254
58.25	0.087	58.25	0.351	58.25	1.082	58.25	86.67	58.25	65.513
58.583	0.198	58.583	0.33	58.583	1.083	58.583	85.665	58.583	64.54
58.99	0	58.99	0.307	58.99	1.083	58.99	84.447	58.99	63.439
59	0.003	59	0.306	59	1.083	59	84.417	59	63.413
59.01	0.007	59.01	0.305	59.01	1.083	59.01	84.388	59.01	63.387
59.25	0.087	59.25	0.292	59.25	1.084	59.25	83.674	59.25	62.78
59.583	0.198	59.583	0.275	59.583	1.084	59.583	82.689	59.583	61.983
59.99	0	59.99	0.256	59.99	1.084	59.99	81.499	59.99	61.081
60	0.003	60	0.255	60	1.084	60	81.47	60	61.06
60.01	0.007	60.01	0.255	60.01	1.084	60.01	81.441	60.01	61.039
60.25	0.087	60.25	0.244	60.25	1.084	60.25	80.745	60.25	60.542
60.583	0.198	60.583	0.23	60.583	1.084	60.583	79.787	60.583	59.89
60.99	0	60.99	0.214	60.99	1.083	60.99	78.631	60.99	59.151
61	0.003	61	0.214	61	1.083	61	78.603	61	59.134
61.01	0.007	61.01	0.214	61.01	1.083	61.01	78.575	61.01	59.116
61.25	0.087	61.25	0.205	61.25	1.082	61.25	77.901	61.25	58.709
61.583	0.198	61.583	0.193	61.583	1.082	61.583	76.974	61.583	58.176
61.99	0	61.99	0.18	61.99	1.08	61.99	75.858	61.99	57.571
62	0.003	62	0.18	62	1.08	62	75.831	62	57.557
62.01	0.007	62.01	0.18	62.01	1.08	62.01	75.804	62.01	57.542
62.25	0.087	62.25	0.173	62.25	1.079	62.25	75.154	62.25	57.209
62.583	0.198	62.583	0.163	62.583	1.078	62.583	74.261	62.583	56.772
62.99	0	62.99	0.153	62.99	1.076	62.99	73.188	62.99	56.277
63	0.003	63	0.152	63	1.076	63	73.162	63	56.265
63.01	0.007	63.01	0.152	63.01	1.076	63.01	73.135	63.01	56.254
63.25	0.087	63.25	0.146	63.25	1.075	63.25	72.511	63.25	55.981
63.583	0.198	63.583	0.139	63.583	1.073	63.583	71.654	63.583	55.623
63.99	0	63.99	0.13	63.99	1.071	63.99	70.626	63.99	55.218
64	0.003	64	0.13	64	1.071	64	70.601	64	55.208
64.01	0.007	64.01	0.129	64.01	1.071	64.01	70.576	64.01	55.199
64.25	0.087	64.25	0.125	64.25	1.07	64.25	69.978	64.25	54.975
64.583	0.198	64.583	0.118	64.583	1.068	64.583	69.16	64.583	54.683
64.99	0	64.99	0.111	64.99	1.066	64.99	68.177	64.99	54.351
65	0.003	65	0.111	65	1.065	65	68.154	65	54.343
65.01	0.007	65.01	0.111	65.01	1.065	65.01	68.13	65.01	54.335
65.25	0.087	65.25	0.107	65.25	1.064	65.25	67.559	65.25	54.152
65.583	0.198	65.583	0.102	65.583	1.062	65.583	66.778	65.583	53.912
65.99	0	65.99	0.096	65.99	1.059	65.99	65.842	65.99	53.641
66	0.003	66	0.096	66	1.059	66	65.82	66	53.634
66.01	0.007	66.01	0.096	66.01	1.059	66.01	65.797	66.01	53.628
66.25	0.087	66.25	0.093	66.25	1.057	66.25	65.254	66.25	53.478
66.583	0.198	66.583	0.088	66.583	1.055	66.583	64.51	66.583	53.282
66.99	0	66.99	0.084	66.99	1.052	66.99	63.621	66.99	53.059
67	0.003	67	0.083	67	1.052	67	63.599	67	53.054
67.01	0.007	67.01	0.083	67.01	1.052	67.01	63.577	67.01	53.049
67.25	0.087	67.25	0.081	67.25	1.05	67.25	63.062	67.25	52.926
67.583	0.198	67.583	0.077	67.583	1.048	67.583	62.356	67.583	52.766
67.99	0	67.99	0.073	67.99	1.045	67.99	61.514	67.99	52.583
68	0.003	68	0.073	68	1.045	68	61.493	68	52.579
68.01	0.007	68.01	0.073	68.01	1.045	68.01	61.473	68.01	52.575
68.25	0.087	68.25	0.071	68.25	1.043	68.25	60.986	68.25	52.474
68.583	0.198	68.583	0.068	68.583	1.041	68.583	60.321	68.583	52.343
68.99	0	68.99	0.065	68.99	1.037	68.99	59.526	68.99	52.194
69	0.003	69	0.065	69	1.037	69	59.507	69	52.19
69.01	0.007	69.01	0.065	69.01	1.037	69.01	59.488	69.01	52.187
69.25	0.087	69.25	0.063	69.25	1.036	69.25	59.028	69.25	52.105
69.583	0.198	69.583	0.061	69.583	1.033	69.583	58.399	69.583	51.997
69.99	0	69.99	0.058	69.99	1.03	69.99	57.65	69.99	51.875
70	0.003	70	0.058	70	1.03	70	57.632	70	51.872
70.01	0.007	70.01	0.058	70.01	1.03	70.01	57.614	70.01	51.869
70.25	0.087	70.25	0.056	70.25	1.028	70.25	57.181	70.25	51.802
70.583	0.198	70.583	0.055	70.583	1.026	70.583	56.591	70.583	51.713
70.99	0	70.99	0.052	70.99	1.023	70.99	55.888	70.99	51.613
71	0.003	71	0.052	71	1.022	71	55.871	71	51.611
71.01	0.007	71.01	0.052	71.01	1.022	71.01	55.854	71.01	51.609
71.25	0.087	71.25	0.051	71.25	1.021	71.25	55.448	71.25	51.554
71.583	0.198	71.583	0.05	71.583	1.018	71.583	54.894	71.583	51.481
71.99	0	71.99	0.048	71.99	1.015	71.99	54.237	71.99	51.4
72	0.003	72	0.048	72	1.015	72	54.221	72	51.398
72.01	0.007	72.01	0.048	72.01	1.015	72.01	54.205	72.01	51.396
72.25	0.087	72.25	0.047	72.25	1.013	72.25	53.826	72.25	51.351
72.583	0.198	72.583	0.046	72.583	1.011	72.583	53.31	72.583	51.292
72.99	0	72.99	0.044	72.99	1.008	72.99	52.697	72.99	51.225
73	0.003	73	0.044	73	1.008	73	52.682	73	51.223
73.01	0.007	73.01	0.044	73.01	1.008	73.01	52.667	73.01	51.221
73.25	0.087	73.25	0.043	73.25	1.006	73.25	52.314	73.25	51.184
73.583	0.198	73.583	0.042	73.583	1.004	73.583	51.835	73.583	51.136
73.99	0	73.99	0.041	73.99	1.001	73.99	51.266	73.99	51.081
74	0.003	74	0.041	74	1.001	74	51.252	74	51.08
74.01	0.007	74.01	0.041	74.01	1.001	74.01	51.238	74.01	51.079
74.25	0.087	74.25	0.04	74.25	0.999	74.25	50.911	74.25	51.048
74.583	0.198	74.583	0.039	74.583	0.997	74.583	50.466	74.583	51.009
74.99	0	74.99	0.038	74.99	0.994	74.99	49.939	74.99	50.964
75	0.003	75	0.038	75	0.994	75	49.926	75	50.963
75.01	0.007	75.01	0.038	75.01	0.994	75.01	49.913	75.01	50.962
75.25	0.087	75.25	0.038	75.25	0.993	75.25	49.611	75.25	50.937
75.583	0.198	75.583	0.037	75.583	0.991	75.583	49.2	75.583	50.905
75.99	0	75.99	0.036	75.99	0.988	75.99	48.715	75.99	50.868
76	0.003	76	0.036	76	0.988	76	48.703	76	50.867
76.01	0.007	76.01	0.036	76.01	0.988	76.01	48.691	76.01	50.866
76.25	0.087	76.25	0.036	76.25	0.986	76.25	48.413	76.25	50.846
76.583	0.198	76.583	0.035	76.583	0.984	76.583	48.038	76.583	50.819
76.99	0	76.99	0.035	76.99	0.982	76.99	47.593	76.99	50.789
77	0.003	77	0.035	77	0.982	77	47.582	77	50.788
77.01	0.007	77.01	0.035	77.01	0.982	77.01	47.571	77.01	50.788
77.25	0.087	77.25	0.034	77.25	0.98	77.25	47.317	77.25	50.771
77.583	0.198	77.583	0.034	77.583	0.979	77.583	46.972	77.583	50.749
77.99	0	77.99	0.033	77.99	0.976	77.99	46.566	77.99	50.725
78	0.003	78	0.033	78	0.976	78	46.556	78	50.724
78.01	0.007	78.01	0.033	78.01	0.976	78.01	46.547	78.01	50.723
78.25	0.087	78.25	0.033	78.25	0.975	78.25	46.315	78.25	50.71
78.583	0.198	78.583	0.033	78.583	0.973	78.583	46.001	78.583	50.692
78.99	0	78.99	0.032	78.99	0.971	78.99	45.632	78.99	50.672
79	0.003	79	0.032	79	0.971	79	45.624	79	50.671
79.01	0.007	79.01	0.032	79.01	0.971	79.01	45.615	79.01	50.671
79.25	0.087	79.25	0.032	79.25	0.97	79.25	45.404	79.25	50.66
79.583	0.198	79.583	0.032	79.583	0.968	79.583	45.122	79.583	50.645
79.99	0	79.99	0.031	79.99	0.966	79.99	44.79	79.99	50.629
80	0.003	80	0.031	80	0.966	80	44.782	80	50.628
80.01	0.007	80.01	0.031	80.01	0.966	80.01	44.774	80.01	50.628
80.25	0.087	80.25	0.031	80.25	0.965	80.25	44.584	80.25	50.619
80.583	0.198	80.583	0.031	80.583	0.964	80.583	44.329	80.583	50.607
80.99	0	80.99	0.031	80.99	0.962	80.99	44.031	80.99	50.593
81	0.003	81	0.03	81	0.962	81	44.024	81	50.593
81.01	0.007	81.01	0.03	81.01	0.962	81.01	44.016	81.01	50.593
81.25	0.087	81.25	0.03	81.25	0.961	81.25	43.847	81.25	50.585
81.583	0.198	81.583	0.03	81.583	0.959	81.583	43.62	81.583	50.576
81.99	0	81.99	0.03	81.99	0.958	81.99	43.355	81.99	50.564
82	0.003	82	0.03	82	0.958	82	43.349	82	50.564
82.01	0.007	82.01	0.03	82.01	0.958	82.01	43.342	82.01	50.564
82.25	0.087	82.25	0.03	82.25	0.957	82.25	43.192	82.25	50.558
82.583	0.198	82.583	0.03	82.583	0.956	82.583	42.991	82.583	50.55
82.99	0	82.99	0.029	82.99	0.954	82.99	42.757	82.99	50.541
83	0.003	83	0.029	83	0.954	83	42.752	83	50.541
83.01	0.007	83.01	0.029	83.01	0.954	83.01	42.746	83.01	50.54
83.25	0.087	83.25	0.029	83.25	0.953	83.25	42.614	83.25	50.535
83.583	0.198	83.583	0.029	83.583	0.952	83.583	42.438	83.583	50.529
83.99	0	83.99	0.029	83.99	0.951	83.99	42.234	83.99	50.521
84	0.003	84	0.029	84	0.951	84	42.229	84	50.521
84.01	0.007	84.01	0.029	84.01	0.951	84.01	42.224	84.01	50.521
84.25	0.087	84.25	0.029	84.25	0.95	84.25	42.109	84.25	50.517
84.583	0.198	84.583	0.029	84.583	0.949	84.583	41.956	84.583	50.512
84.99	0	84.99	0.029	84.99	0.948	84.99	41.78	84.99	50.505
85	0.003	85	0.029	85	0.948	85	41.775	85	50.505
85.01	0.007	85.01	0.029	85.01	0.948	85.01	41.771	85.01	50.505
85.25	0.087	85.25	0.029	85.25	0.948	85.25	41.673	85.25	50.502
85.583	0.198	85.583	0.028	85.583	0.947	85.583	41.541	85.583	50.497
85.99	0	85.99	0.028	85.99	0.946	85.99	41.391	85.99	50.492
86	0.003	86	0.028	86	0.946	86	41.387	86	50.492
86.01	0.007	86.01	0.028	86.01	0.946	86.01	41.384	86.01	50.492
86.25	0.087	86.25	0.028	86.25	0.945	86.25	41.3	86.25	50.489
86.583	0.198	86.583	0.028	86.583	0.945	86.583	41.189	86.583	50.486
86.99	0	86.99	0.028	86.99	0.944	86.99	41.063	86.99	50.482
87	0.003	87	0.028	87	0.944	87	41.06	87	50.482
87.01	0.007	87.01	0.028	87.01	0.944	87.01	41.057	87.01	50.482
87.25	0.087	87.25	0.028	87.25	0.943	87.25	40.988	87.25	50.479
87.583	0.198	87.583	0.028	87.583	0.943	87.583	40.897	87.583	50.476
87.99	0	87.99	0.028	87.99	0.942	87.99	40.794	87.99	50.473
88	0.003	88	0.028	88	0.942	88	40.792	88	50.473
88.01	0.007	88.01	0.028	88.01	0.942	88.01	40.789	88.01	50.473
88.25	0.087	88.25	0.028	88.25	0.942	88.25	40.733	88.25	50.471
88.583	0.198	88.583	0.028	88.583	0.941	88.583	40.661	88.583	50.469
88.99	0	88.99	0.028	88.99	0.941	88.99	40.58	88.99	50.466
89	0.003	89	0.028	89	0.941	89	40.578	89	50.466
89.01	0.007	89.01	0.028	89.01	0.941	89.01	40.576	89.01	50.466
89.25	0.087	89.25	0.028	89.25	0.94	89.25	40.532	89.25	50.464
89.583	0.198	89.583	0.028	89.583	0.94	89.583	40.477	89.583	50.462
89.99	0	89.99	0.028	89.99	0.94	89.99	40.415	89.99	50.46
90	0.003	90	0.028	90	0.94	90	40.413	90	50.46
90.01	0.007	90.01	0.028	90.01	0.94	90.01	40.412	90.01	50.46
90.25	0.087	90.25	0.028	90.25	0.94	90.25	40.379	90.25	50.459
90.583	0.198	90.583	0.028	90.583	0.939	90.583	40.338	90.583	50.457
90.99	0	90.99	0.028	90.99	0.939	90.99	40.295	90.99	50.455
91	0.003	91	0.028	91	0.939	91	40.294	91	50.455
91.01	0.007	91.01	0.028	91.01	0.939	91.01	40.293	91.01	50.455
91.25	0.087	91.25	0.028	91.25	0.939	91.25	40.27	91.25	50.454
91.583	0.198	91.583	0.027	91.583	0.939	91.583	40.243	91.583	50.453
91.99	0	91.99	0.027	91.99	0.938	91.99	40.216	91.99	50.451
92	0.003	92	0.027	92	0.938	92	40.215	92	50.451
92.01	0.007	92.01	0.027	92.01	0.938	92.01	40.214	92.01	50.451
92.25	0.087	92.25	0.027	92.25	0.938	92.25	40.201	92.25	50.451
92.583	0.198	92.583	0.027	92.583	0.938	92.583	40.187	92.583	50.449
92.99	0	92.99	0.027	92.99	0.938	92.99	40.174	92.99	50.448
93	0.003	93	0.027	93	0.938	93	40.174	93	50.448
93.01	0.007	93.01	0.027	93.01	0.938	93.01	40.174	93.01	50.448
93.25	0.087	93.25	0.027	93.25	0.938	93.25	40.169	93.25	50.447
93.583	0.198	93.583	0.027	93.583	0.938	93.583	40.166	93.583	50.447
93.99	0	93.99	0.027	93.99	0.938	93.99	40.166	93.99	50.446
94	0.003	94	0.027	94	0.938	94	40.166	94	50.446
94.01	0.007	94.01	0.027	94.01	0.938	94.01	40.166	94.01	50.446
94.25	0.087	94.25	0.027	94.25	0.938	94.25	40.169	94.25	50.445
94.583	0.198	94.583	0.027	94.583	0.938	94.583	40.176	94.583	50.444
94.99	0	94.99	0.027	94.99	0.938	94.99	40.188	94.99	50.443
95	0.003	95	0.027	95	0.938	95	40.189	95	50.443
95.01	0.007	95.01	0.027	95.01	0.938	95.01	40.189	95.01	50.443
95.25	0.087	95.25	0.027	95.25	0.938	95.25	40.199	95.25	50.443
95.583	0.198	95.583	0.027	95.583	0.939	95.583	40.214	95.583	50.442
95.99	0	95.99	0.027	95.99	0.939	95.99	40.237	95.99	50.442
96	0.003	96	0.027	96	0.939	96	40.238	96	50.442
96.01	0.007	96.01	0.027	96.01	0.939	96.01	40.238	96.01	50.442
96.25	0.087	96.25	0.027	96.25	0.939	96.25	40.254	96.25	50.441
96.583	0.198	96.583	0.027	96.583	0.939	96.583	40.277	96.583	50.441
96.99	0	96.99	0.027	96.99	0.939	96.99	40.309	96.99	50.44
97	0.003	97	0.027	97	0.939	97	40.31	97	50.44
97.01	0.007	97.01	0.027	97.01	0.939	97.01	40.311	97.01	50.44
97.25	0.087	97.25	0.027	97.25	0.939	97.25	40.331	97.25	50.44
97.583	0.198	97.583	0.027	97.583	0.939	97.583	40.361	97.583	50.44
97.99	0	97.99	0.027	97.99	0.94	97.99	40.401	97.99	50.439
98	0.003	98	0.027	98	0.94	98	40.402	98	50.439
98.01	0.007	98.01	0.027	98.01	0.94	98.01	40.403	98.01	50.439
98.25	0.087	98.25	0.027	98.25	0.94	98.25	40.427	98.25	50.439
98.583	0.198	98.583	0.027	98.583	0.94	98.583	40.464	98.583	50.438
98.99	0	98.99	0.027	98.99	0.94	98.99	40.51	98.99	50.438
99	0.003	99	0.027	99	0.94	99	40.512	99	50.438
99.01	0.007	99.01	0.027	99.01	0.94	99.01	40.513	99.01	50.438
99.25	0.087	99.25	0.027	99.25	0.941	99.25	40.541	99.25	50.438
99.583	0.198	99.583	0.027	99.583	0.941	99.583	40.583	99.583	50.438
99.99	0	99.99	0.027	99.99	0.941	99.99	40.634	99.99	50.437
100	0.003	100	0.027	100	0.941	100	40.635	100	50.437
100.01	0.007	100.01	0.027	100.01	0.941	100.01	40.637	100.01	50.437
100.25	0.087	100.25	0.027	100.25	0.942	100.25	40.668	100.25	50.437
100.583	0.198	100.583	0.027	100.583	0.942	100.583	40.712	100.583	50.437
100.99	0	100.99	0.027	100.99	0.942	100.99	40.767	100.99	50.437
101	0.003	101	0.027	101	0.942	101	40.769	101	50.437
101.01	0.007	101.01	0.027	101.01	0.942	101.01	40.77	101.01	50.437
101.25	0.087	101.25	0.027	101.25	0.942	101.25	40.804	101.25	50.437
101.583	0.198	101.583	0.027	101.583	0.943	101.583	40.851	101.583	50.436
101.99	0	101.99	0.027	101.99	0.943	101.99	40.91	101.99	50.436
102	0.003	102	0.027	102	0.943	102	40.911	102	50.436
102.01	0.007	102.01	0.027	102.01	0.943	102.01	40.913	102.01	50.436
102.25	0.087	102.25	0.027	102.25	0.943	102.25	40.948	102.25	50.436
102.583	0.198	102.583	0.027	102.583	0.944	102.583	40.998	102.583	50.436
102.99	0	102.99	0.027	102.99	0.944	102.99	41.058	102.99	50.436
103	0.003	103	0.027	103	0.944	103	41.06	103	50.436
103.01	0.007	103.01	0.027	103.01	0.944	103.01	41.061	103.01	50.436
103.25	0.087	103.25	0.027	103.25	0.944	103.25	41.097	103.25	50.462
103.583	0.198	103.583	0.027	103.583	0.944	103.583	41.147	103.583	50.499
103.99	0	103.99	0.027	103.99	0.944	103.99	41.209	103.99	50.545
104	0.003	104	0.027	104	0.944	104	41.21	104	50.546
104.01	0.007	104.01	0.027	104.01	0.944	104.01	41.212	104.01	50.547
104.25	0.087	104.25	0.027	104.25	0.945	104.25	41.248	104.25	50.574
104.583	0.198	104.583	0.027	104.583	0.945	104.583	41.298	104.583	50.611
104.99	0	104.99	0.027	104.99	0.945	104.99	41.36	104.99	50.657
105	0.003	105	0.027	105	0.945	105	41.361	105	50.658
105.01	0.007	105.01	0.027	105.01	0.945	105.01	41.363	105.01	50.659
105.25	0.087	105.25	0.027	105.25	0.945	105.25	41.399	105.25	50.686
105.583	0.198	105.583	0.027	105.583	0.945	105.583	41.45	105.583	50.723
105.99	0	105.99	0.027	105.99	0.945	105.99	41.512	105.99	50.769
106	0.003	106	0.027	106	0.945	106	41.513	106	50.77
106.01	0.007	106.01	0.027	106.01	0.945	106.01	41.515	106.01	50.771
106.25	0.087	106.25	0.027	106.25	0.945	106.25	41.55	106.25	50.798
106.583	0.198	106.583	0.027	106.583	0.945	106.583	41.601	106.583	50.835
106.99	0	106.99	0.027	106.99	0.946	106.99	41.661	106.99	50.881
107	0.003	107	0.027	107	0.946	107	41.662	107	50.882
107.01	0.007	107.01	0.027	107.01	0.946	107.01	41.663	107.01	50.883
107.25	0.087	107.25	0.027	107.25	0.946	107.25	41.698	107.25	50.91
107.583	0.198	107.583	0.027	107.583	0.946	107.583	41.746	107.583	50.947
107.99	0	107.99	0.027	107.99	0.946	107.99	41.803	107.99	50.993
108	0.003	108	0.027	108	0.946	108	41.805	108	50.994
108.01	0.007	108.01	0.027	108.01	0.946	108.01	41.806	108.01	50.995
108.25	0.087	108.25	0.027	108.25	0.946	108.25	41.84	108.25	51.022
108.583	0.198	108.583	0.027	108.583	0.946	108.583	41.885	108.583	51.059
108.99	0	108.99	0.027	108.99	0.946	108.99	41.94	108.99	51.105
109	0.003	109	0.027	109	0.946	109	41.942	109	51.106
109.01	0.007	109.01	0.027	109.01	0.946	109.01	41.943	109.01	51.107
109.25	0.087	109.25	0.027	109.25	0.946	109.25	41.975	109.25	51.134
109.583	0.198	109.583	0.027	109.583	0.946	109.583	42.018	109.583	51.171
109.99	0	109.99	0.027	109.99	0.946	109.99	42.07	109.99	51.217
110	0.003	110	0.027	110	0.946	110	42.071	110	51.218
110.01	0.007	110.01	0.027	110.01	0.946	110.01	42.072	110.01	51.219
110.25	0.087	110.25	0.027	110.25	0.946	110.25	42.102	110.25	51.246
110.583	0.198	110.583	0.027	110.583	0.947	110.583	42.143	110.583	51.283
110.99	0	110.99	0.027	110.99	0.947	110.99	42.192	110.99	51.329
111	0.003	111	0.027	111	0.947	111	42.193	111	51.33
111.01	0.007	111.01	0.027	111.01	0.947	111.01	42.194	111.01	51.331
111.25	0.087	111.25	0.027	111.25	0.947	111.25	42.222	111.25	51.358
111.583	0.198	111.583	0.027	111.583	0.947	111.583	42.26	111.583	51.395
111.99	0	111.99	0.027	111.99	0.947	111.99	42.304	111.99	51.441
112	0.003	112	0.027	112	0.947	112	42.305	112	51.442
112.01	0.007	112.01	0.027	112.01	0.947	112.01	42.306	112.01	51.443
112.25	0.087	112.25	0.027	112.25	0.947	112.25	42.331	112.25	51.47
112.583	0.198	112.583	0.027	112.583	0.947	112.583	42.365	112.583	51.507
112.99	0	112.99	0.027	112.99	0.947	112.99	42.405	112.99	51.553
113	0.003	113	0.027	113	0.947	113	42.406	113	51.554
113.01	0.007	113.01	0.027	113.01	0.947	113.01	42.407	113.01	51.555
113.25	0.087	113.25	0.027	113.25	0.947	113.25	42.429	113.25	51.582
113.583	0.198	113.583	0.027	113.583	0.947	113.583	42.46	113.583	51.619
113.99	0	113.99	0.027	113.99	0.947	113.99	42.494	113.99	51.665
114	0.003	114	0.027	114	0.947	114	42.495	114	51.666
114.01	0.007	114.01	0.027	114.01	0.947	114.01	42.496	114.01	51.667
114.25	0.087	114.25	0.027	114.25	0.947	114.25	42.515	114.25	51.694
114.583	0.198	114.583	0.027	114.583	0.947	114.583	42.54	114.583	51.731
114.99	0	114.99	0.027	114.99	0.947	114.99	42.569	114.99	51.777
115	0.003	115	0.027	115	0.947	115	42.57	115	51.778
115.01	0.007	115.01	0.027	115.01	0.947	115.01	42.571	115.01	51.779
115.25	0.087	115.25	0.027	115.25	0.947	115.25	42.587	115.25	51.806
115.583	0.198	115.583	0.027	115.583	0.947	115.583	42.608	115.583	51.843
115.99	0	115.99	0.027	115.99	0.946	115.99	42.631	115.99	51.889
116	0.003	116	0.027	116	0.946	116	42.632	116	51.89
116.01	0.007	116.01	0.027	116.01	0.946	116.01	42.632	116.01	51.891
116.25	0.087	116.25	0.027	116.25	0.946	116.25	42.645	116.25	51.918
116.583	0.198	116.583	0.027	116.583	0.946	116.583	42.662	116.583	51.955
116.99	0	116.99	0.027	116.99	0.946	116.99	42.68	116.99	52.001
117	0.003	117	0.027	117	0.946	117	42.68	117	52.002
117.01	0.007	117.01	0.027	117.01	0.946	117.01	42.681	117.01	52.003
117.25	0.087	117.25	0.027	117.25	0.946	117.25	42.69	117.25	52.03
117.583	0.198	117.583	0.027	117.583	0.946	117.583	42.702	117.583	52.067
117.99	0	117.99	0.027	117.99	0.946	117.99	42.714	117.99	52.113
118	0.003	118	0.027	118	0.946	118	42.714	118	52.114
118.01	0.007	118.01	0.027	118.01	0.946	118.01	42.714	118.01	52.115
118.25	0.087	118.25	0.027	118.25	0.946	118.25	42.72	118.25	52.142
118.583	0.198	118.583	0.027	118.583	0.946	118.583	42.727	118.583	52.179
118.99	0	118.99	0.027	118.99	0.945	118.99	42.734	118.99	52.225
119	0.003	119	0.027	119	0.945	119	42.734	119	52.226
119.01	0.007	119.01	0.027	119.01	0.945	119.01	42.734	119.01	52.227
119.25	0.087	119.25	0.027	119.25	0.945	119.25	42.736	119.25	52.254
119.583	0.198	119.583	0.027	119.583	0.945	119.583	42.739	119.583	52.291
119.99	0	119.99	0.027	119.99	0.945	119.99	42.739	119.99	52.337
120	0.003	120	0.027	120	0.945	120	42.739	120	52.338
120.01	0.007	120.01	0.027	120.01	0.945	120.01	42.739	120.01	52.339
120.25	0.087	120.25	0.027	120.25	0.945	120.25	42.738	120.25	52.366
120.583	0.198	120.583	0.027	120.583	0.944	120.583	42.735	120.583	52.403
120.99	0	120.99	0.027	120.99	0.944	120.99	42.729	120.99	52.449
121	0.003	121	0.027	121	0.944	121	42.729	121	52.45
121.01	0.007	121.01	0.027	121.01	0.944	121.01	42.729	121.01	52.451
121.25	0.087	121.25	0.027	121.25	0.944	121.25	42.724	121.25	52.478
121.583	0.198	121.583	0.027	121.583	0.944	121.583	42.717	121.583	52.515
121.99	0	121.99	0.027	121.99	0.944	121.99	42.705	121.99	52.561
122	0.003	122	0.027	122	0.944	122	42.705	122	52.562
122.01	0.007	122.01	0.027	122.01	0.944	122.01	42.704	122.01	52.563
122.25	0.087	122.25	0.027	122.25	0.943	122.25	42.696	122.25	52.59
122.583	0.198	122.583	0.027	122.583	0.943	122.583	42.682	122.583	52.627
122.99	0	122.99	0.027	122.99	0.943	122.99	42.664	122.99	52.673
123	0.003	123	0.027	123	0.943	123	42.664	123	52.674
123.01	0.007	123.01	0.027	123.01	0.943	123.01	42.664	123.01	52.675
123.25	0.087	123.25	0.027	123.25	0.942	123.25	42.652	123.25	52.702
123.583	0.198	123.583	0.027	123.583	0.942	123.583	42.635	123.583	52.739
123.99	0	123.99	0.027	123.99	0.942	123.99	42.611	123.99	52.785
124	0.003	124	0.027	124	0.942	124	42.61	124	52.786
124.01	0.007	124.01	0.027	124.01	0.942	124.01	42.61	124.01	52.787
124.25	0.087	124.25	0.027	124.25	0.942	124.25	42.595	124.25	52.814
124.583	0.198	124.583	0.027	124.583	0.941	124.583	42.572	124.583	52.851
124.99	0	124.99	0.027	124.99	0.941	124.99	42.543	124.99	52.897
125	0.003	125	0.027	125	0.941	125	42.542	125	52.898
125.01	0.007	125.01	0.027	125.01	0.941	125.01	42.541	125.01	52.899
125.25	0.087	125.25	0.027	125.25	0.941	125.25	42.523	125.25	52.926
125.583	0.198	125.583	0.027	125.583	0.94	125.583	42.496	125.583	52.963
125.99	0	125.99	0.027	125.99	0.94	125.99	42.461	125.99	53.009
126	0.003	126	0.027	126	0.94	126	42.46	126	53.01
126.01	0.007	126.01	0.027	126.01	0.94	126.01	42.459	126.01	53.011
126.25	0.087	126.25	0.027	126.25	0.939	126.25	42.437	126.25	53.038
126.583	0.198	126.583	0.027	126.583	0.939	126.583	42.406	126.583	53.075
126.99	0	126.99	0.027	126.99	0.939	126.99	42.365	126.99	53.121
127	0.003	127	0.027	127	0.939	127	42.364	127	53.122
127.01	0.007	127.01	0.027	127.01	0.939	127.01	42.363	127.01	53.123
127.25	0.087	127.25	0.027	127.25	0.938	127.25	42.338	127.25	53.15
127.583	0.198	127.583	0.027	127.583	0.938	127.583	42.302	127.583	53.187
127.99	0	127.99	0.027	127.99	0.937	127.99	42.256	127.99	53.233
128	0.003	128	0.027	128	0.937	128	42.255	128	53.234
128.01	0.007	128.01	0.027	128.01	0.937	128.01	42.254	128.01	53.235
128.25	0.087	128.25	0.027	128.25	0.937	128.25	42.225	128.25	53.262
128.583	0.198	128.583	0.027	128.583	0.937	128.583	42.184	128.583	53.299
128.99	0	128.99	0.027	128.99	0.936	128.99	42.132	128.99	53.345
129	0.003	129	0.027	129	0.936	129	42.131	129	53.346
129.01	0.007	129.01	0.027	129.01	0.936	129.01	42.13	129.01	53.347
129.25	0.087	129.25	0.027	129.25	0.936	129.25	42.098	129.25	53.374
129.583	0.198	129.583	0.027	129.583	0.935	129.583	42.054	129.583	53.411
129.99	0	129.99	0.027	129.99	0.935	129.99	41.997	129.99	53.457
130	0.003	130	0.027	130	0.935	130	41.996	130	53.458
130.01	0.007	130.01	0.027	130.01	0.935	130.01	41.995	130.01	53.459
130.25	0.087	130.25	0.027	130.25	0.934	130.25	41.96	130.25	53.486
130.583	0.198	130.583	0.027	130.583	0.934	130.583	41.909	130.583	53.523
130.99	0	130.99	0.027	130.99	0.933	130.99	41.848	130.99	53.569
131	0.003	131	0.027	131	0.933	131	41.846	131	53.57
131.01	0.007	131.01	0.027	131.01	0.933	131.01	41.845	131.01	53.571
131.25	0.087	131.25	0.027	131.25	0.933	131.25	41.807	131.25	53.598
131.583	0.198	131.583	0.027	131.583	0.932	131.583	41.754	131.583	53.635
131.99	0	131.99	0.027	131.99	0.932	131.99	41.688	131.99	53.681
132	0.003	132	0.027	132	0.932	132	41.686	132	53.682
132.01	0.007	132.01	0.027	132.01	0.932	132.01	41.685	132.01	53.683
132.25	0.087	132.25	0.027	132.25	0.931	132.25	41.645	132.25	53.71
132.583	0.198	132.583	0.027	132.583	0.931	132.583	41.587	132.583	53.747
132.99	0	132.99	0.027	132.99	0.93	132.99	41.517	132.99	53.793
133	0.003	133	0.027	133	0.93	133	41.515	133	53.794
133.01	0.007	133.01	0.027	133.01	0.93	133.01	41.513	133.01	53.795
133.25	0.087	133.25	0.027	133.25	0.93	133.25	41.471	133.25	53.822
133.583	0.198	133.583	0.027	133.583	0.929	133.583	41.41	133.583	53.859
133.99	0	133.99	0.027	133.99	0.928	133.99	41.335	133.99	53.905
134	0.003	134	0.027	134	0.928	134	41.333	134	53.906
134.01	0.007	134.01	0.027	134.01	0.928	134.01	41.332	134.01	53.907
134.25	0.087	134.25	0.027	134.25	0.928	134.25	41.286	134.25	53.934
134.583	0.198	134.583	0.027	134.583	0.927	134.583	41.224	134.583	53.971
134.99	0	134.99	0.027	134.99	0.927	134.99	41.145	134.99	54.017
135	0.003	135	0.027	135	0.927	135	41.143	135	54.018
135.01	0.007	135.01	0.027	135.01	0.927	135.01	41.141	135.01	54.019
135.25	0.087	135.25	0.027	135.25	0.926	135.25	41.093	135.25	54.046
135.583	0.198	135.583	0.027	135.583	0.926	135.583	41.025	135.583	54.083
135.99	0	135.99	0.028	135.99	0.925	135.99	40.941	135.99	54.129
136	0.003	136	0.028	136	0.925	136	40.939	136	54.13
136.01	0.007	136.01	0.028	136.01	0.925	136.01	40.937	136.01	54.131
136.25	0.087	136.25	0.028	136.25	0.924	136.25	40.887	136.25	54.158
136.583	0.198	136.583	0.028	136.583	0.924	136.583	40.817	136.583	54.195
136.99	0	136.99	0.028	136.99	0.923	136.99	40.73	136.99	54.241
137	0.003	137	0.028	137	0.923	137	40.728	137	54.242
137.01	0.007	137.01	0.028	137.01	0.923	137.01	40.726	137.01	54.243
137.25	0.087	137.25	0.028	137.25	0.922	137.25	40.674	137.25	54.27
137.583	0.198	137.583	0.028	137.583	0.922	137.583	40.601	137.583	54.307
137.99	0	137.99	0.029	137.99	0.921	137.99	40.512	137.99	54.353
138	0.003	138	0.029	138	0.921	138	40.51	138	54.354
138.01	0.007	138.01	0.029	138.01	0.921	138.01	40.508	138.01	54.355
138.25	0.087	138.25	0.029	138.25	0.92	138.25	40.454	138.25	54.382
138.583	0.198	138.583	0.029	138.583	0.92	138.583	40.379	138.583	54.419
138.99	0	138.99	0.029	138.99	0.919	138.99	40.287	138.99	54.465
139	0.003	139	0.029	139	0.919	139	40.285	139	54.466
139.01	0.007	139.01	0.029	139.01	0.919	139.01	40.282	139.01	54.467
139.25	0.087	139.25	0.029	139.25	0.919	139.25	40.227	139.25	54.494
139.583	0.198	139.583	0.03	139.583	0.918	139.583	40.15	139.583	54.531
139.99	0	139.99	0.03	139.99	0.917	139.99	40.055	139.99	54.577
140	0.003	140	0.03	140	0.917	140	40.053	140	54.578
140.01	0.007	140.01	0.03	140.01	0.917	140.01	40.05	140.01	54.579
140.25	0.087	140.25	0.03	140.25	0.916	140.25	39.994	140.25	54.606
140.583	0.198	140.583	0.03	140.583	0.916	140.583	39.916	140.583	54.643
140.99	0	140.99	0.03	140.99	0.915	140.99	39.819	140.99	54.689
141	0.003	141	0.03	141	0.915	141	39.817	141	54.69
141.01	0.007	141.01	0.03	141.01	0.915	141.01	39.815	141.01	54.691
141.25	0.087	141.25	0.031	141.25	0.914	141.25	39.757	141.25	54.718
141.583	0.198	141.583	0.031	141.583	0.914	141.583	39.678	141.583	54.755
141.99	0	141.99	0.031	141.99	0.913	141.99	39.58	141.99	54.801
142	0.003	142	0.031	142	0.913	142	39.578	142	54.802
142.01	0.007	142.01	0.031	142.01	0.913	142.01	39.575	142.01	54.803
142.25	0.087	142.25	0.031	142.25	0.912	142.25	39.518	142.25	54.83
142.583	0.198	142.583	0.031	142.583	0.912	142.583	39.437	142.583	54.867
142.99	0	142.99	0.032	142.99	0.911	142.99	39.34	142.99	54.913
143	0.003	143	0.032	143	0.911	143	39.338	143	54.914
143.01	0.007	143.01	0.032	143.01	0.911	143.01	39.336	143.01	54.915
143.25	0.087	143.25	0.032	143.25	0.91	143.25	39.279	143.25	54.942
143.583	0.198	143.583	0.032	143.583	0.91	143.583	39.202	143.583	54.979
143.99	0	143.99	0.032	143.99	0.909	143.99	39.109	143.99	55.025
144	0.003	144	0.032	144	0.909	144	39.107	144	55.026
144.01	0.007	144.01	0.032	144.01	0.909	144.01	39.105	144.01	55.027
144.25	0.087	144.25	0.032	144.25	0.908	144.25	39.051	144.25	55.054
144.583	0.198	144.583	0.033	144.583	0.908	144.583	38.978	144.583	55.091
144.99	0	144.99	0.033	144.99	0.907	144.99	38.891	144.99	55.137
145	0.003	145	0.033	145	0.907	145	38.889	145	55.138
145.01	0.007	145.01	0.033	145.01	0.907	145.01	38.887	145.01	55.139
145.25	0.087	145.25	0.033	145.25	0.906	145.25	38.837	145.25	55.166
145.583	0.198	145.583	0.033	145.583	0.906	145.583	38.77	145.583	55.203
145.99	0	145.99	0.033	145.99	0.905	145.99	38.689	145.99	55.249
146	0.003	146	0.033	146	0.905	146	38.687	146	55.25
146.01	0.007	146.01	0.033	146.01	0.905	146.01	38.685	146.01	55.251
146.25	0.087	146.25	0.034	146.25	0.905	146.25	38.638	146.25	55.278
146.583	0.198	146.583	0.034	146.583	0.904	146.583	38.573	146.583	55.315
146.99	0	146.99	0.034	146.99	0.903	146.99	38.492	146.99	55.361
147	0.003	147	0.034	147	0.903	147	38.49	147	55.362
147.01	0.007	147.01	0.034	147.01	0.903	147.01	38.488	147.01	55.363
147.25	0.087	147.25	0.034	147.25	0.903	147.25	38.439	147.25	55.39
147.583	0.198	147.583	0.034	147.583	0.902	147.583	38.37	147.583	55.427
147.99	0	147.99	0.035	147.99	0.901	147.99	38.284	147.99	55.473
148	0.003	148	0.035	148	0.901	148	38.281	148	55.474
148.01	0.007	148.01	0.035	148.01	0.901	148.01	38.279	148.01	55.475
148.25	0.087	148.25	0.035	148.25	0.901	148.25	38.227	148.25	55.502
148.583	0.198	148.583	0.035	148.583	0.9	148.583	38.153	148.583	55.539
148.99	0	148.99	0.035	148.99	0.899	148.99	38.057	148.99	55.585
149	0.003	149	0.035	149	0.899	149	38.055	149	55.586
149.01	0.007	149.01	0.035	149.01	0.899	149.01	38.053	149.01	55.587
149.25	0.087	149.25	0.035	149.25	0.899	149.25	37.994	149.25	55.614
149.583	0.198	149.583	0.036	149.583	0.898	149.583	37.909	149.583	55.651
149.99	0	149.99	0.036	149.99	0.897	149.99	37.803	149.99	55.697
150	0.003	150	0.036	150	0.897	150	37.8	150	55.698
150.01	0.007	150.01	0.036	150.01	0.897	150.01	37.797	150.01	55.699
150.25	0.087	150.25	0.036	150.25	0.897	150.25	37.732	150.25	55.726
150.583	0.198	150.583	0.036	150.583	0.896	150.583	37.639	150.583	55.763
150.99	0	150.99	0.037	150.99	0.895	150.99	37.521	150.99	55.809
151	0.003	151	0.037	151	0.895	151	37.518	151	55.81
151.01	0.007	151.01	0.037	151.01	0.895	151.01	37.515	151.01	55.811
151.25	0.087	151.25	0.037	151.25	0.894	151.25	37.443	151.25	55.838
151.583	0.198	151.583	0.037	151.583	0.893	151.583	37.34	151.583	55.875
151.99	0	151.99	0.037	151.99	0.892	151.99	37.21	151.99	55.921
152	0.003	152	0.037	152	0.892	152	37.207	152	55.922
152.01	0.007	152.01	0.037	152.01	0.892	152.01	37.204	152.01	55.923
152.25	0.087	152.25	0.038	152.25	0.892	152.25	37.125	152.25	55.95
152.583	0.198	152.583	0.038	152.583	0.891	152.583	37.011	152.583	55.987
152.99	0	152.99	0.038	152.99	0.889	152.99	36.869	152.99	56.033
153	0.003	153	0.038	153	0.889	153	36.866	153	56.034
153.01	0.007	153.01	0.038	153.01	0.889	153.01	36.862	153.01	56.035
153.25	0.087	153.25	0.038	153.25	0.889	153.25	36.777	153.25	56.062
153.583	0.198	153.583	0.038	153.583	0.888	153.583	36.655	153.583	56.099
153.99	0	153.99	0.039	153.99	0.886	153.99	36.502	153.99	56.145
154	0.003	154	0.039	154	0.886	154	36.499	154	56.146
154.01	0.007	154.01	0.039	154.01	0.886	154.01	36.495	154.01	56.147
154.25	0.087	154.25	0.039	154.25	0.886	154.25	36.402	154.25	56.174
154.583	0.198	154.583	0.039	154.583	0.885	154.583	36.272	154.583	56.211
154.99	0	154.99	0.039	154.99	0.883	154.99	36.109	154.99	56.257
155	0.003	155	0.039	155	0.883	155	36.105	155	56.258
155.01	0.007	155.01	0.039	155.01	0.883	155.01	36.101	155.01	56.259
155.25	0.087	155.25	0.04	155.25	0.882	155.25	36.003	155.25	56.286
155.583	0.198	155.583	0.04	155.583	0.881	155.583	35.865	155.583	56.323
155.99	0	155.99	0.04	155.99	0.88	155.99	35.692	155.99	56.369
156	0.003	156	0.04	156	0.88	156	35.688	156	56.37
156.01	0.007	156.01	0.04	156.01	0.88	156.01	35.683	156.01	56.371
156.25	0.087	156.25	0.04	156.25	0.879	156.25	35.58	156.25	56.398
156.583	0.198	156.583	0.041	156.583	0.878	156.583	35.433	156.583	56.435
156.99	0	156.99	0.041	156.99	0.876	156.99	35.252	156.99	56.481
157	0.003	157	0.041	157	0.876	157	35.247	157	56.482
157.01	0.007	157.01	0.041	157.01	0.876	157.01	35.243	157.01	56.483
157.25	0.087	157.25	0.041	157.25	0.875	157.25	35.134	157.25	56.51
157.583	0.198	157.583	0.041	157.583	0.874	157.583	34.981	157.583	56.547
157.99	0	157.99	0.042	157.99	0.873	157.99	34.791	157.99	56.593
158	0.003	158	0.042	158	0.873	158	34.786	158	56.594
158.01	0.007	158.01	0.042	158.01	0.873	158.01	34.782	158.01	56.595
158.25	0.087	158.25	0.042	158.25	0.872	158.25	34.668	158.25	56.622
158.583	0.198	158.583	0.042	158.583	0.87	158.583	34.509	158.583	56.659
158.99	0	158.99	0.042	158.99	0.869	158.99	34.312	158.99	56.705
159	0.003	159	0.042	159	0.869	159	34.307	159	56.706
159.01	0.007	159.01	0.042	159.01	0.869	159.01	34.302	159.01	56.707
159.25	0.087	159.25	0.043	159.25	0.868	159.25	34.185	159.25	56.734
159.583	0.198	159.583	0.043	159.583	0.866	159.583	34.02	159.583	56.771
159.99	0	159.99	0.043	159.99	0.865	159.99	33.817	159.99	56.817
160	0.003	160	0.043	160	0.865	160	33.812	160	56.818
160.01	0.007	160.01	0.043	160.01	0.865	160.01	33.807	160.01	56.819
160.25	0.087	160.25	0.043	160.25	0.864	160.25	33.686	160.25	56.846
160.583	0.198	160.583	0.044	160.583	0.862	160.583	33.517	160.583	56.883
160.99	0	160.99	0.044	160.99	0.861	160.99	33.308	160.99	56.929
161	0.003	161	0.044	161	0.861	161	33.303	161	56.93
161.01	0.007	161.01	0.044	161.01	0.861	161.01	33.298	161.01	56.931
161.25	0.087	161.25	0.044	161.25	0.86	161.25	33.174	161.25	56.958
161.583	0.198	161.583	0.045	161.583	0.858	161.583	33.001	161.583	56.995
161.99	0	161.99	0.045	161.99	0.856	161.99	32.788	161.99	57.041
162	0.003	162	0.045	162	0.856	162	32.783	162	57.042
162.01	0.007	162.01	0.045	162.01	0.856	162.01	32.777	162.01	57.043
162.25	0.087	162.25	0.045	162.25	0.855	162.25	32.651	162.25	57.07
162.583	0.198	162.583	0.045	162.583	0.854	162.583	32.473	162.583	57.107
162.99	0	162.99	0.046	162.99	0.852	162.99	32.256	162.99	57.153
163	0.003	163	0.046	163	0.852	163	32.25	163	57.154
163.01	0.007	163.01	0.046	163.01	0.852	163.01	32.245	163.01	57.155
163.25	0.087	163.25	0.046	163.25	0.851	163.25	32.116	163.25	57.182
163.583	0.198	163.583	0.046	163.583	0.849	163.583	31.936	163.583	57.219
163.99	0	163.99	0.046	163.99	0.848	163.99	31.716	163.99	57.265
164	0.003	164	0.046	164	0.847	164	31.711	164	57.266
164.01	0.007	164.01	0.046	164.01	0.847	164.01	31.705	164.01	57.267
164.25	0.087	164.25	0.047	164.25	0.846	164.25	31.575	164.25	57.294
164.583	0.198	164.583	0.047	164.583	0.845	164.583	31.393	164.583	57.331
164.99	0	164.99	0.047	164.99	0.843	164.99	31.171	164.99	57.377
165	0.003	165	0.047	165	0.843	165	31.166	165	57.378
165.01	0.007	165.01	0.047	165.01	0.843	165.01	31.16	165.01	57.379
165.25	0.087	165.25	0.048	165.25	0.842	165.25	31.029	165.25	57.406
165.583	0.198	165.583	0.048	165.583	0.84	165.583	30.845	165.583	57.443
165.99	0	165.99	0.048	165.99	0.838	165.99	30.621	165.99	57.489
166	0.003	166	0.048	166	0.838	166	30.615	166	57.49
166.01	0.007	166.01	0.048	166.01	0.838	166.01	30.61	166.01	57.491
166.25	0.087	166.25	0.048	166.25	0.837	166.25	30.477	166.25	57.518
166.583	0.198	166.583	0.049	166.583	0.836	166.583	30.293	166.583	57.555
166.99	0	166.99	0.049	166.99	0.834	166.99	30.068	166.99	57.601
167	0.003	167	0.049	167	0.834	167	30.062	167	57.602
167.01	0.007	167.01	0.049	167.01	0.833	167.01	30.057	167.01	57.603
167.25	0.087	167.25	0.049	167.25	0.832	167.25	29.924	167.25	57.63
167.583	0.198	167.583	0.05	167.583	0.831	167.583	29.739	167.583	57.667
167.99	0	167.99	0.05	167.99	0.829	167.99	29.514	167.99	57.713
168	0.003	168	0.05	168	0.829	168	29.508	168	57.714
168.01	0.007	168.01	0.05	168.01	0.829	168.01	29.503	168.01	57.715
168.25	0.087	168.25	0.05	168.25	0.828	168.25	29.37	168.25	57.742
168.583	0.198	168.583	0.05	168.583	0.826	168.583	29.184	168.583	57.779
168.99	0	168.99	0.051	168.99	0.824	168.99	28.959	168.99	57.825
169	0.003	169	0.051	169	0.824	169	28.953	169	57.826
169.01	0.007	169.01	0.051	169.01	0.824	169.01	28.948	169.01	57.827
169.25	0.087	169.25	0.051	169.25	0.823	169.25	28.815	169.25	57.854
169.583	0.198	169.583	0.051	169.583	0.821	169.583	28.631	169.583	57.891
169.99	0	169.99	0.052	169.99	0.819	169.99	28.407	169.99	57.937
170	0.003	170	0.052	170	0.819	170	28.401	170	57.938
170.01	0.007	170.01	0.052	170.01	0.819	170.01	28.396	170.01	57.939
170.25	0.087	170.25	0.052	170.25	0.818	170.25	28.263	170.25	57.966
170.583	0.198	170.583	0.052	170.583	0.816	170.583	28.08	170.583	58.003
170.99	0	170.99	0.053	170.99	0.814	170.99	27.857	170.99	58.049
171	0.003	171	0.053	171	0.814	171	27.852	171	58.05
171.01	0.007	171.01	0.053	171.01	0.814	171.01	27.846	171.01	58.051
171.25	0.087	171.25	0.053	171.25	0.813	171.25	27.715	171.25	58.078
171.583	0.198	171.583	0.053	171.583	0.811	171.583	27.533	171.583	58.115
171.99	0	171.99	0.054	171.99	0.809	171.99	27.312	171.99	58.161
172	0.003	172	0.054	172	0.809	172	27.307	172	58.162
172.01	0.007	172.01	0.054	172.01	0.809	172.01	27.301	172.01	58.163
172.25	0.087	172.25	0.054	172.25	0.808	172.25	27.171	172.25	58.19
172.583	0.198	172.583	0.054	172.583	0.806	172.583	26.991	172.583	58.227
172.99	0	172.99	0.055	172.99	0.804	172.99	26.773	172.99	58.273
173	0.003	173	0.055	173	0.804	173	26.767	173	58.274
173.01	0.007	173.01	0.055	173.01	0.804	173.01	26.762	173.01	58.275
173.25	0.087	173.25	0.055	173.25	0.803	173.25	26.633	173.25	58.302
173.583	0.198	173.583	0.055	173.583	0.801	173.583	26.455	173.583	58.339
173.99	0	173.99	0.055	173.99	0.799	173.99	26.239	173.99	58.385
174	0.003	174	0.055	174	0.799	174	26.233	174	58.386
174.01	0.007	174.01	0.055	174.01	0.799	174.01	26.228	174.01	58.387
174.25	0.087	174.25	0.056	174.25	0.798	174.25	26.101	174.25	58.414
174.583	0.198	174.583	0.056	174.583	0.796	174.583	25.926	174.583	58.451
174.99	0	174.99	0.056	174.99	0.794	174.99	25.714	174.99	58.497
175	0.003	175	0.056	175	0.794	175	25.708	175	58.498
175.01	0.007	175.01	0.056	175.01	0.794	175.01	25.703	175.01	58.499
175.25	0.087	175.25	0.057	175.25	0.793	175.25	25.578	175.25	58.526
175.583	0.198	175.583	0.057	175.583	0.791	175.583	25.406	175.583	58.563
175.99	0	175.99	0.057	175.99	0.789	175.99	25.197	175.99	58.609
176	0.003	176	0.057	176	0.789	176	25.192	176	58.61
176.01	0.007	176.01	0.057	176.01	0.789	176.01	25.187	176.01	58.611
176.25	0.087	176.25	0.058	176.25	0.788	176.25	25.064	176.25	58.638
176.583	0.198	176.583	0.058	176.583	0.787	176.583	24.895	176.583	58.675
176.99	0	176.99	0.058	176.99	0.785	176.99	24.691	176.99	58.721
177	0.003	177	0.058	177	0.785	177	24.686	177	58.722
177.01	0.007	177.01	0.058	177.01	0.785	177.01	24.681	177.01	58.723
177.25	0.087	177.25	0.059	177.25	0.783	177.25	24.561	177.25	58.75
177.583	0.198	177.583	0.059	177.583	0.782	177.583	24.395	177.583	58.787
177.99	0	177.99	0.059	177.99	0.78	177.99	24.195	177.99	58.833
178	0.003	178	0.059	178	0.78	178	24.19	178	58.834
178.01	0.007	178.01	0.059	178.01	0.78	178.01	24.185	178.01	58.835
178.25	0.087	178.25	0.06	178.25	0.778	178.25	24.068	178.25	58.862
178.583	0.198	178.583	0.06	178.583	0.777	178.583	23.906	178.583	58.899
178.99	0	178.99	0.061	178.99	0.775	178.99	23.71	178.99	58.945
179	0.003	179	0.061	179	0.775	179	23.706	179	58.946
179.01	0.007	179.01	0.061	179.01	0.775	179.01	23.701	179.01	58.947
179.25	0.087	179.25	0.061	179.25	0.774	179.25	23.586	179.25	58.974
179.583	0.198	179.583	0.061	179.583	0.772	179.583	23.429	179.583	59.011
179.99	0	179.99	0.062	179.99	0.77	179.99	23.238	179.99	59.057
180	0.003	180	0.062	180	0.77	180	23.234	180	59.058
180.01	0.007	180.01	0.062	180.01	0.77	180.01	23.229	180.01	59.059
180.25	0.087	180.25	0.062	180.25	0.769	180.25	23.118	180.25	59.086
180.583	0.198	180.583	0.062	180.583	0.767	180.583	22.964	180.583	59.123
180.99	0	180.99	0.063	180.99	0.765	180.99	22.779	180.99	59.169
181	0.003	181	0.063	181	0.765	181	22.774	181	59.17
181.01	0.007	181.01	0.063	181.01	0.765	181.01	22.77	181.01	59.171
181.25	0.087	181.25	0.063	181.25	0.764	181.25	22.662	181.25	59.198
181.583	0.198	181.583	0.063	181.583	0.763	181.583	22.514	181.583	59.235
181.99	0	181.99	0.064	181.99	0.761	181.99	22.335	181.99	59.281
182	0.003	182	0.064	182	0.761	182	22.331	182	59.282
182.01	0.007	182.01	0.064	182.01	0.761	182.01	22.326	182.01	59.283
182.25	0.087	182.25	0.064	182.25	0.76	182.25	22.222	182.25	59.31
182.583	0.198	182.583	0.064	182.583	0.758	182.583	22.078	182.583	59.347
182.99	0	182.99	0.065	182.99	0.756	182.99	21.905	182.99	59.393
183	0.003	183	0.065	183	0.756	183	21.901	183	59.394
183.01	0.007	183.01	0.065	183.01	0.756	183.01	21.896	183.01	59.395
183.25	0.087	183.25	0.065	183.25	0.755	183.25	21.796	183.25	59.422
183.583	0.198	183.583	0.065	183.583	0.754	183.583	21.657	183.583	59.459
183.99	0	183.99	0.066	183.99	0.752	183.99	21.49	183.99	59.505
184	0.003	184	0.066	184	0.752	184	21.486	184	59.506
184.01	0.007	184.01	0.066	184.01	0.752	184.01	21.482	184.01	59.507
184.25	0.087	184.25	0.066	184.25	0.751	184.25	21.385	184.25	59.534
184.583	0.198	184.583	0.067	184.583	0.749	184.583	21.25	184.583	59.571
184.99	0	184.99	0.067	184.99	0.748	184.99	21.09	184.99	59.617
185	0.003	185	0.067	185	0.748	185	21.086	185	59.618
185.01	0.007	185.01	0.067	185.01	0.747	185.01	21.082	185.01	59.619
185.25	0.087	185.25	0.067	185.25	0.746	185.25	20.989	185.25	59.646
185.583	0.198	185.583	0.068	185.583	0.745	185.583	20.861	185.583	59.683
185.99	0	185.99	0.068	185.99	0.743	185.99	20.708	185.99	59.729
186	0.003	186	0.068	186	0.743	186	20.704	186	59.73
186.01	0.007	186.01	0.068	186.01	0.743	186.01	20.7	186.01	59.731
186.25	0.087	186.25	0.068	186.25	0.742	186.25	20.611	186.25	59.758
186.583	0.198	186.583	0.069	186.583	0.741	186.583	20.489	186.583	59.795
186.99	0	186.99	0.069	186.99	0.739	186.99	20.343	186.99	59.841
187	0.003	187	0.069	187	0.739	187	20.339	187	59.842
187.01	0.007	187.01	0.069	187.01	0.739	187.01	20.335	187.01	59.843
187.25	0.087	187.25	0.07	187.25	0.738	187.25	20.251	187.25	59.87
187.583	0.198	187.583	0.07	187.583	0.737	187.583	20.134	187.583	59.907
187.99	0	187.99	0.071	187.99	0.735	187.99	19.995	187.99	59.953
188	0.003	188	0.071	188	0.735	188	19.991	188	59.954
188.01	0.007	188.01	0.071	188.01	0.735	188.01	19.988	188.01	59.955
188.25	0.087	188.25	0.071	188.25	0.734	188.25	19.907	188.25	59.982
188.583	0.198	188.583	0.071	188.583	0.733	188.583	19.797	188.583	60.019
188.99	0	188.99	0.072	188.99	0.732	188.99	19.665	188.99	60.065
189	0.003	189	0.072	189	0.731	189	19.662	189	60.066
189.01	0.007	189.01	0.072	189.01	0.731	189.01	19.659	189.01	60.067
189.25	0.087	189.25	0.072	189.25	0.731	189.25	19.583	189.25	60.094
189.583	0.198	189.583	0.072	189.583	0.729	189.583	19.479	189.583	60.131
189.99	0	189.99	0.073	189.99	0.728	189.99	19.356	189.99	60.177
190	0.003	190	0.073	190	0.728	190	19.353	190	60.178
190.01	0.007	190.01	0.073	190.01	0.728	190.01	19.35	190.01	60.179
190.25	0.087	190.25	0.073	190.25	0.727	190.25	19.278	190.25	60.206
190.583	0.198	190.583	0.074	190.583	0.726	190.583	19.18	190.583	60.243
190.99	0	190.99	0.074	190.99	0.724	190.99	19.064	190.99	60.289
191	0.003	191	0.074	191	0.724	191	19.062	191	60.29
191.01	0.007	191.01	0.074	191.01	0.724	191.01	19.059	191.01	60.291
191.25	0.087	191.25	0.074	191.25	0.724	191.25	18.992	191.25	60.318
191.583	0.198	191.583	0.075	191.583	0.722	191.583	18.902	191.583	60.355
191.99	0	191.99	0.075	191.99	0.721	191.99	18.794	191.99	60.401
192	0.003	192	0.075	192	0.721	192	18.791	192	60.402
192.01	0.007	192.01	0.075	192.01	0.721	192.01	18.789	192.01	60.403
192.25	0.087	192.25	0.076	192.25	0.72	192.25	18.727	192.25	60.43
192.583	0.198	192.583	0.076	192.583	0.719	192.583	18.643	192.583	60.467
192.99	0	192.99	0.077	192.99	0.718	192.99	18.544	192.99	60.513
193	0.003	193	0.077	193	0.718	193	18.542	193	60.514
193.01	0.007	193.01	0.077	193.01	0.718	193.01	18.539	193.01	60.515
193.25	0.087	193.25	0.077	193.25	0.717	193.25	18.482	193.25	60.542
193.583	0.198	193.583	0.077	193.583	0.716	193.583	18.405	193.583	60.579
193.99	0	193.99	0.078	193.99	0.715	193.99	18.315	193.99	60.625
194	0.003	194	0.078	194	0.715	194	18.313	194	60.626
194.01	0.007	194.01	0.078	194.01	0.715	194.01	18.31	194.01	60.627
194.25	0.087	194.25	0.078	194.25	0.715	194.25	18.259	194.25	60.654
194.583	0.198	194.583	0.079	194.583	0.714	194.583	18.189	194.583	60.691
194.99	0	194.99	0.079	194.99	0.713	194.99	18.108	194.99	60.737
195	0.003	195	0.079	195	0.713	195	18.106	195	60.738
195.01	0.007	195.01	0.079	195.01	0.713	195.01	18.104	195.01	60.739
195.25	0.087	195.25	0.08	195.25	0.712	195.25	18.057	195.25	60.766
195.583	0.198	195.583	0.08	195.583	0.711	195.583	17.995	195.583	60.803
195.99	0	195.99	0.081	195.99	0.71	195.99	17.922	195.99	60.849
196	0.003	196	0.081	196	0.71	196	17.921	196	60.85
196.01	0.007	196.01	0.081	196.01	0.71	196.01	17.919	196.01	60.851
196.25	0.087	196.25	0.081	196.25	0.71	196.25	17.878	196.25	60.878
196.583	0.198	196.583	0.081	196.583	0.709	196.583	17.822	196.583	60.915
196.99	0	196.99	0.082	196.99	0.708	196.99	17.759	196.99	60.961
197	0.003	197	0.082	197	0.708	197	17.757	197	60.962
197.01	0.007	197.01	0.082	197.01	0.708	197.01	17.756	197.01	60.963
197.25	0.087	197.25	0.082	197.25	0.707	197.25	17.72	197.25	60.99
197.583	0.198	197.583	0.083	197.583	0.707	197.583	17.672	197.583	61.027
197.99	0	197.99	0.083	197.99	0.706	197.99	17.618	197.99	61.073
198	0.003	198	0.083	198	0.706	198	17.617	198	61.074
198.01	0.007	198.01	0.083	198.01	0.706	198.01	17.616	198.01	61.075
198.25	0.087	198.25	0.084	198.25	0.706	198.25	17.585	198.25	61.102
198.583	0.198	198.583	0.084	198.583	0.705	198.583	17.546	198.583	61.139
198.99	0	198.99	0.085	198.99	0.704	198.99	17.501	198.99	61.185
199	0.003	199	0.085	199	0.704	199	17.5	199	61.186
199.01	0.007	199.01	0.085	199.01	0.704	199.01	17.499	199.01	61.187
199.25	0.087	199.25	0.085	199.25	0.704	199.25	17.475	199.25	61.214
199.583	0.198	199.583	0.085	199.583	0.704	199.583	17.444	199.583	61.251
199.99	0	199.99	0.086	199.99	0.703	199.99	17.409	199.99	61.297
200	0.003	200	0.086	200	0.703	200	17.408	200	61.298
200.01	0.007	200.01	0.086	200.01	0.703	200.01	17.408	200.01	61.299
200.25	0.087	200.25	0.086	200.25	0.703	200.25	17.389	200.25	61.326
200.583	0.198	200.583	0.087	200.583	0.702	200.583	17.366	200.583	61.363
200.99	0	200.99	0.087	200.99	0.702	200.99	17.341	200.99	61.409
201	0.003	201	0.087	201	0.702	201	17.34	201	61.41
201.01	0.007	201.01	0.087	201.01	0.702	201.01	17.34	201.01	61.411
201.25	0.087	201.25	0.088	201.25	0.702	201.25	17.327	201.25	61.438
201.583	0.198	201.583	0.088	201.583	0.701	201.583	17.311	201.583	61.475
201.99	0	201.99	0.089	201.99	0.701	201.99	17.296	201.99	61.521
202	0.003	202	0.089	202	0.701	202	17.296	202	61.522
202.01	0.007	202.01	0.089	202.01	0.701	202.01	17.295	202.01	61.523
202.25	0.087	202.25	0.089	202.25	0.701	202.25	17.289	202.25	61.55
202.583	0.198	202.583	0.09	202.583	0.701	202.583	17.282	202.583	61.587
202.99	0	202.99	0.09	202.99	0.7	202.99	17.277	202.99	61.633
203	0.003	203	0.09	203	0.7	203	17.277	203	61.634
203.01	0.007	203.01	0.09	203.01	0.7	203.01	17.277	203.01	61.635
203.25	0.087	203.25	0.091	203.25	0.7	203.25	17.276	203.25	61.662
203.583	0.198	203.583	0.091	203.583	0.7	203.583	17.277	203.583	61.699
203.99	0	203.99	0.092	203.99	0.7	203.99	17.283	203.99	61.745
204	0.003	204	0.092	204	0.7	204	17.283	204	61.746
204.01	0.007	204.01	0.092	204.01	0.7	204.01	17.283	204.01	61.747
204.25	0.087	204.25	0.092	204.25	0.7	204.25	17.289	204.25	61.774
204.583	0.198	204.583	0.093	204.583	0.7	204.583	17.299	204.583	61.811
204.99	0	204.99	0.093	204.99	0.7	204.99	17.314	204.99	61.857
205	0.003	205	0.093	205	0.7	205	17.315	205	61.858
205.01	0.007	205.01	0.093	205.01	0.7	205.01	17.315	205.01	61.859
205.25	0.087	205.25	0.094	205.25	0.7	205.25	17.327	205.25	61.886
205.583	0.198	205.583	0.094	205.583	0.7	205.583	17.345	205.583	61.923
205.99	0	205.99	0.095	205.99	0.7	205.99	17.372	205.99	61.969
206	0.003	206	0.095	206	0.7	206	17.372	206	61.97
206.01	0.007	206.01	0.095	206.01	0.7	206.01	17.373	206.01	61.971
206.25	0.087	206.25	0.095	206.25	0.701	206.25	17.391	206.25	61.998
206.583	0.198	206.583	0.096	206.583	0.701	206.583	17.418	206.583	62.035
206.99	0	206.99	0.096	206.99	0.701	206.99	17.455	206.99	62.081
207	0.003	207	0.096	207	0.701	207	17.456	207	62.082
207.01	0.007	207.01	0.096	207.01	0.701	207.01	17.457	207.01	62.083
207.25	0.087	207.25	0.097	207.25	0.701	207.25	17.481	207.25	62.11
207.583	0.198	207.583	0.097	207.583	0.701	207.583	17.516	207.583	62.147
207.99	0	207.99	0.098	207.99	0.702	207.99	17.564	207.99	62.193
208	0.003	208	0.098	208	0.702	208	17.565	208	62.194
208.01	0.007	208.01	0.098	208.01	0.702	208.01	17.566	208.01	62.195
208.25	0.087	208.25	0.098	208.25	0.702	208.25	17.597	208.25	62.222
208.583	0.198	208.583	0.099	208.583	0.703	208.583	17.642	208.583	62.259
208.99	0	208.99	0.099	208.99	0.703	208.99	17.7	208.99	62.305
209	0.003	209	0.099	209	0.703	209	17.702	209	62.306
209.01	0.007	209.01	0.099	209.01	0.703	209.01	17.703	209.01	62.307
209.25	0.087	209.25	0.1	209.25	0.703	209.25	17.74	209.25	62.334
209.583	0.198	209.583	0.1	209.583	0.704	209.583	17.794	209.583	62.371
209.99	0	209.99	0.101	209.99	0.704	209.99	17.863	209.99	62.417
210	0.003	210	0.101	210	0.704	210	17.865	210	62.418
210.01	0.007	210.01	0.101	210.01	0.705	210.01	17.866	210.01	62.419
210.25	0.087	210.25	0.101	210.25	0.705	210.25	17.909	210.25	62.446
210.583	0.198	210.583	0.102	210.583	0.705	210.583	17.973	210.583	62.483
210.99	0	210.99	0.103	210.99	0.706	210.99	18.053	210.99	62.529
211	0.003	211	0.103	211	0.706	211	18.055	211	62.53
211.01	0.007	211.01	0.103	211.01	0.706	211.01	18.057	211.01	62.531
211.25	0.087	211.25	0.103	211.25	0.707	211.25	18.106	211.25	62.558
211.583	0.198	211.583	0.103	211.583	0.707	211.583	18.177	211.583	62.595
211.99	0	211.99	0.104	211.99	0.708	211.99	18.268	211.99	62.641
212	0.003	212	0.104	212	0.708	212	18.27	212	62.642
212.01	0.007	212.01	0.104	212.01	0.708	212.01	18.273	212.01	62.643
212.25	0.087	212.25	0.105	212.25	0.709	212.25	18.328	212.25	62.67
212.583	0.198	212.583	0.105	212.583	0.709	212.583	18.408	212.583	62.707
212.99	0	212.99	0.106	212.99	0.71	212.99	18.509	212.99	62.753
213	0.003	213	0.106	213	0.71	213	18.511	213	62.754
213.01	0.007	213.01	0.106	213.01	0.71	213.01	18.514	213.01	62.755
213.25	0.087	213.25	0.106	213.25	0.711	213.25	18.576	213.25	62.782
213.583	0.198	213.583	0.107	213.583	0.712	213.583	18.664	213.583	62.819
213.99	0	213.99	0.107	213.99	0.713	213.99	18.775	213.99	62.865
214	0.003	214	0.107	214	0.713	214	18.778	214	62.866
214.01	0.007	214.01	0.107	214.01	0.713	214.01	18.781	214.01	62.867
214.25	0.087	214.25	0.108	214.25	0.714	214.25	18.849	214.25	62.894
214.583	0.198	214.583	0.108	214.583	0.715	214.583	18.946	214.583	62.931
214.99	0	214.99	0.109	214.99	0.716	214.99	19.068	214.99	62.977
215	0.003	215	0.109	215	0.716	215	19.071	215	62.978
215.01	0.007	215.01	0.109	215.01	0.716	215.01	19.075	215.01	62.979
215.25	0.087	215.25	0.11	215.25	0.716	215.25	19.149	215.25	63.006
215.583	0.198	215.583	0.11	215.583	0.717	215.583	19.254	215.583	63.043
215.99	0	215.99	0.111	215.99	0.719	215.99	19.386	215.99	63.089
216	0.003	216	0.111	216	0.719	216	19.389	216	63.09
216.01	0.007	216.01	0.111	216.01	0.719	216.01	19.393	216.01	63.091
216.25	0.087	216.25	0.111	216.25	0.719	216.25	19.473	216.25	63.118
216.583	0.198	216.583	0.112	216.583	0.721	216.583	19.587	216.583	63.155
216.99	0	216.99	0.113	216.99	0.722	216.99	19.729	216.99	63.201
217	0.003	217	0.113	217	0.722	217	19.732	217	63.202
217.01	0.007	217.01	0.113	217.01	0.722	217.01	19.736	217.01	63.203
217.25	0.087	217.25	0.113	217.25	0.723	217.25	19.822	217.25	63.23
217.583	0.198	217.583	0.114	217.583	0.724	217.583	19.943	217.583	63.267
217.99	0	217.99	0.114	217.99	0.725	217.99	20.095	217.99	63.313
218	0.003	218	0.114	218	0.725	218	20.099	218	63.314
218.01	0.007	218.01	0.114	218.01	0.725	218.01	20.103	218.01	63.315
218.25	0.087	218.25	0.115	218.25	0.726	218.25	20.195	218.25	63.342
218.583	0.198	218.583	0.115	218.583	0.727	218.583	20.323	218.583	63.379
218.99	0	218.99	0.116	218.99	0.729	218.99	20.484	218.99	63.425
219	0.003	219	0.116	219	0.729	219	20.488	219	63.426
219.01	0.007	219.01	0.116	219.01	0.729	219.01	20.492	219.01	63.427
219.25	0.087	219.25	0.117	219.25	0.73	219.25	20.59	219.25	63.454
219.583	0.198	219.583	0.117	219.583	0.731	219.583	20.727	219.583	63.491
219.99	0	219.99	0.118	219.99	0.732	219.99	20.898	219.99	63.537
220	0.003	220	0.118	220	0.732	220	20.902	220	63.538
220.01	0.007	220.01	0.118	220.01	0.733	220.01	20.906	220.01	63.539
220.25	0.087	220.25	0.118	220.25	0.733	220.25	21.009	220.25	63.566
220.583	0.198	220.583	0.119	220.583	0.735	220.583	21.153	220.583	63.603
220.99	0	220.99	0.12	220.99	0.736	220.99	21.333	220.99	63.649
221	0.003	221	0.12	221	0.736	221	21.338	221	63.65
221.01	0.007	221.01	0.12	221.01	0.736	221.01	21.342	221.01	63.651
221.25	0.087	221.25	0.12	221.25	0.737	221.25	21.45	221.25	63.678
221.583	0.198	221.583	0.121	221.583	0.739	221.583	21.602	221.583	63.715
221.99	0	221.99	0.121	221.99	0.74	221.99	21.79	221.99	63.761
222	0.003	222	0.122	222	0.74	222	21.795	222	63.762
222.01	0.007	222.01	0.122	222.01	0.74	222.01	21.8	222.01	63.763
222.25	0.087	222.25	0.122	222.25	0.741	222.25	21.913	222.25	63.79
222.583	0.198	222.583	0.123	222.583	0.743	222.583	22.071	222.583	63.827
222.99	0	222.99	0.123	222.99	0.744	222.99	22.268	222.99	63.873
223	0.003	223	0.123	223	0.745	223	22.273	223	63.874
223.01	0.007	223.01	0.123	223.01	0.745	223.01	22.278	223.01	63.875
223.25	0.087	223.25	0.124	223.25	0.746	223.25	22.396	223.25	63.902
223.583	0.198	223.583	0.124	223.583	0.747	223.583	22.561	223.583	63.939
223.99	0	223.99	0.125	223.99	0.749	223.99	22.765	223.99	63.985
224	0.003	224	0.125	224	0.749	224	22.77	224	63.986
224.01	0.007	224.01	0.125	224.01	0.749	224.01	22.776	224.01	63.987
224.25	0.087	224.25	0.126	224.25	0.75	224.25	22.898	224.25	64.014
224.583	0.198	224.583	0.126	224.583	0.751	224.583	23.069	224.583	64.051
224.99	0	224.99	0.127	224.99	0.753	224.99	23.281	224.99	64.097
225	0.003	225	0.127	225	0.753	225	23.286	225	64.098
225.01	0.007	225.01	0.127	225.01	0.753	225.01	23.292	225.01	64.099
225.25	0.087	225.25	0.128	225.25	0.754	225.25	23.418	225.25	64.126
225.583	0.198	225.583	0.128	225.583	0.756	225.583	23.596	225.583	64.163
225.99	0	225.99	0.129	225.99	0.758	225.99	23.815	225.99	64.209
226	0.003	226	0.129	226	0.758	226	23.82	226	64.21
226.01	0.007	226.01	0.129	226.01	0.758	226.01	23.825	226.01	64.211
226.25	0.087	226.25	0.13	226.25	0.759	226.25	23.956	226.25	64.238
226.583	0.198	226.583	0.13	226.583	0.76	226.583	24.139	226.583	64.275
226.99	0	226.99	0.131	226.99	0.762	226.99	24.365	226.99	64.321
227	0.003	227	0.131	227	0.762	227	24.371	227	64.322
227.01	0.007	227.01	0.131	227.01	0.762	227.01	24.376	227.01	64.323
227.25	0.087	227.25	0.132	227.25	0.763	227.25	24.511	227.25	64.35
227.583	0.198	227.583	0.132	227.583	0.765	227.583	24.699	227.583	64.387
227.99	0	227.99	0.133	227.99	0.767	227.99	24.931	227.99	64.433
228	0.003	228	0.133	228	0.767	228	24.936	228	64.434
228.01	0.007	228.01	0.133	228.01	0.767	228.01	24.942	228.01	64.435
228.25	0.087	228.25	0.133	228.25	0.768	228.25	25.08	228.25	64.462
228.583	0.198	228.583	0.134	228.583	0.769	228.583	25.273	228.583	64.499
228.99	0	228.99	0.135	228.99	0.771	228.99	25.51	228.99	64.545
229	0.003	229	0.135	229	0.771	229	25.516	229	64.546
229.01	0.007	229.01	0.135	229.01	0.771	229.01	25.522	229.01	64.547
229.25	0.087	229.25	0.135	229.25	0.772	229.25	25.663	229.25	64.574
229.583	0.198	229.583	0.136	229.583	0.774	229.583	25.86	229.583	64.611
229.99	0	229.99	0.137	229.99	0.776	229.99	26.102	229.99	64.657
230	0.003	230	0.137	230	0.776	230	26.108	230	64.658
230.01	0.007	230.01	0.137	230.01	0.776	230.01	26.114	230.01	64.659
230.25	0.087	230.25	0.138	230.25	0.777	230.25	26.258	230.25	64.686
230.583	0.198	230.583	0.138	230.583	0.778	230.583	26.459	230.583	64.723
230.99	0	230.99	0.139	230.99	0.78	230.99	26.705	230.99	64.769
231	0.003	231	0.139	231	0.78	231	26.712	231	64.77
231.01	0.007	231.01	0.139	231.01	0.78	231.01	26.718	231.01	64.771
231.25	0.087	231.25	0.14	231.25	0.782	231.25	26.864	231.25	64.798
231.583	0.198	231.583	0.14	231.583	0.783	231.583	27.068	231.583	64.835
231.99	0	231.99	0.141	231.99	0.785	231.99	27.319	231.99	64.881
232	0.003	232	0.141	232	0.785	232	27.325	232	64.882
232.01	0.007	232.01	0.141	232.01	0.785	232.01	27.331	232.01	64.883
232.25	0.087	232.25	0.142	232.25	0.786	232.25	27.48	232.25	64.91
232.583	0.198	232.583	0.142	232.583	0.788	232.583	27.687	232.583	64.947
232.99	0	232.99	0.143	232.99	0.789	232.99	27.941	232.99	64.993
233	0.003	233	0.143	233	0.79	233	27.947	233	64.994
233.01	0.007	233.01	0.143	233.01	0.79	233.01	27.954	233.01	64.995
233.25	0.087	233.25	0.144	233.25	0.791	233.25	28.104	233.25	65.022
233.583	0.198	233.583	0.144	233.583	0.792	233.583	28.314	233.583	65.059
233.99	0	233.99	0.145	233.99	0.794	233.99	28.571	233.99	65.105
234	0.003	234	0.145	234	0.794	234	28.577	234	65.106
234.01	0.007	234.01	0.145	234.01	0.794	234.01	28.583	234.01	65.107
234.25	0.087	234.25	0.146	234.25	0.795	234.25	28.735	234.25	65.134
234.583	0.198	234.583	0.147	234.583	0.797	234.583	28.947	234.583	65.171
234.99	0	234.99	0.147	234.99	0.799	234.99	29.206	234.99	65.217
235	0.003	235	0.147	235	0.799	235	29.213	235	65.218
235.01	0.007	235.01	0.147	235.01	0.799	235.01	29.219	235.01	65.219
235.25	0.087	235.25	0.148	235.25	0.8	235.25	29.372	235.25	65.246
235.583	0.198	235.583	0.149	235.583	0.801	235.583	29.585	235.583	65.283
235.99	0	235.99	0.15	235.99	0.803	235.99	29.846	235.99	65.329
236	0.003	236	0.15	236	0.803	236	29.853	236	65.33
236.01	0.007	236.01	0.15	236.01	0.803	236.01	29.859	236.01	65.331
236.25	0.087	236.25	0.15	236.25	0.804	236.25	30.013	236.25	65.358
236.583	0.198	236.583	0.151	236.583	0.806	236.583	30.227	236.583	65.395
236.99	0	236.99	0.152	236.99	0.807	236.99	30.489	236.99	65.441
237	0.003	237	0.152	237	0.808	237	30.496	237	65.442
237.01	0.007	237.01	0.152	237.01	0.808	237.01	30.502	237.01	65.443
237.25	0.087	237.25	0.152	237.25	0.809	237.25	30.657	237.25	65.47
237.583	0.198	237.583	0.153	237.583	0.81	237.583	30.872	237.583	65.507
237.99	0	237.99	0.154	237.99	0.812	237.99	31.134	237.99	65.553
238	0.003	238	0.154	238	0.812	238	31.141	238	65.554
238.01	0.007	238.01	0.154	238.01	0.812	238.01	31.147	238.01	65.555
238.25	0.087	238.25	0.155	238.25	0.813	238.25	31.302	238.25	65.582
238.583	0.198	238.583	0.155	238.583	0.814	238.583	31.517	238.583	65.619
238.99	0	238.99	0.156	238.99	0.816	238.99	31.78	238.99	65.665
239	0.003	239	0.156	239	0.816	239	31.786	239	65.666
239.01	0.007	239.01	0.156	239.01	0.816	239.01	31.793	239.01	65.667
239.25	0.087	239.25	0.157	239.25	0.817	239.25	31.948	239.25	65.694
239.583	0.198	239.583	0.158	239.583	0.819	239.583	32.162	239.583	65.731
239.99	0	239.99	0.158	239.99	0.82	239.99	32.424	239.99	65.777
240	0.003	240	0.158	240	0.82	240	32.431	240	65.778
240.01	0.007	240.01	0.158	240.01	0.82	240.01	32.437	240.01	65.779
240.25	0.087	240.25	0.159	240.25	0.821	240.25	32.592	240.25	65.806
240.583	0.198	240.583	0.16	240.583	0.823	240.583	32.806	240.583	65.843
240.99	0	240.99	0.161	240.99	0.824	240.99	33.067	240.99	65.889
241	0.003	241	0.161	241	0.824	241	33.073	241	65.89
241.01	0.007	241.01	0.161	241.01	0.825	241.01	33.08	241.01	65.891
241.25	0.087	241.25	0.161	241.25	0.826	241.25	33.234	241.25	65.918
241.583	0.198	241.583	0.162	241.583	0.827	241.583	33.447	241.583	65.955
241.99	0	241.99	0.163	241.99	0.828	241.99	33.706	241.99	66.001
242	0.003	242	0.163	242	0.829	242	33.713	242	66.002
242.01	0.007	242.01	0.163	242.01	0.829	242.01	33.719	242.01	66.003
242.25	0.087	242.25	0.164	242.25	0.83	242.25	33.872	242.25	66.03
242.583	0.198	242.583	0.164	242.583	0.831	242.583	34.083	242.583	66.067
242.99	0	242.99	0.165	242.99	0.832	242.99	34.341	242.99	66.113
243	0.003	243	0.165	243	0.832	243	34.347	243	66.114
243.01	0.007	243.01	0.165	243.01	0.833	243.01	34.354	243.01	66.115
243.25	0.087	243.25	0.166	243.25	0.833	243.25	34.505	243.25	66.142
243.583	0.198	243.583	0.167	243.583	0.835	243.583	34.715	243.583	66.179
243.99	0	243.99	0.168	243.99	0.836	243.99	34.97	243.99	66.225
244	0.003	244	0.168	244	0.836	244	34.976	244	66.226
244.01	0.007	244.01	0.168	244.01	0.836	244.01	34.983	244.01	66.227
244.25	0.087	244.25	0.168	244.25	0.837	244.25	35.133	244.25	66.254
244.583	0.198	244.583	0.169	244.583	0.839	244.583	35.34	244.583	66.291
244.99	0	244.99	0.17	244.99	0.84	244.99	35.593	244.99	66.337
245	0.003	245	0.17	245	0.84	245	35.599	245	66.338
245.01	0.007	245.01	0.17	245.01	0.84	245.01	35.605	245.01	66.339
245.25	0.087	245.25	0.171	245.25	0.841	245.25	35.753	245.25	66.366
245.583	0.198	245.583	0.172	245.583	0.842	245.583	35.958	245.583	66.403
245.99	0	245.99	0.173	245.99	0.844	245.99	36.207	245.99	66.449
246	0.003	246	0.173	246	0.844	246	36.213	246	66.45
246.01	0.007	246.01	0.173	246.01	0.844	246.01	36.219	246.01	66.451
246.25	0.087	246.25	0.173	246.25	0.845	246.25	36.366	246.25	66.478
246.583	0.198	246.583	0.174	246.583	0.846	246.583	36.568	246.583	66.515
246.99	0	246.99	0.175	246.99	0.847	246.99	36.813	246.99	66.561
247	0.003	247	0.175	247	0.847	247	36.819	247	66.562
247.01	0.007	247.01	0.175	247.01	0.847	247.01	36.825	247.01	66.563
247.25	0.087	247.25	0.176	247.25	0.848	247.25	36.969	247.25	66.59
247.583	0.198	247.583	0.176	247.583	0.849	247.583	37.168	247.583	66.627
247.99	0	247.99	0.177	247.99	0.851	247.99	37.41	247.99	66.673
248	0.003	248	0.177	248	0.851	248	37.416	248	66.674
248.01	0.007	248.01	0.177	248.01	0.851	248.01	37.422	248.01	66.675
248.25	0.087	248.25	0.178	248.25	0.851	248.25	37.563	248.25	66.702
248.583	0.198	248.583	0.179	248.583	0.853	248.583	37.759	248.583	66.739
248.99	0	248.99	0.18	248.99	0.854	248.99	37.996	248.99	66.785
249	0.003	249	0.18	249	0.854	249	38.002	249	66.786
249.01	0.007	249.01	0.18	249.01	0.854	249.01	38.008	249.01	66.787
249.25	0.087	249.25	0.181	249.25	0.855	249.25	38.147	249.25	66.814
249.583	0.198	249.583	0.181	249.583	0.856	249.583	38.338	249.583	66.851
249.99	0	249.99	0.182	249.99	0.857	249.99	38.571	249.99	66.897
250	0.003	250	0.182	250	0.857	250	38.577	250	66.898
250.01	0.007	250.01	0.182	250.01	0.857	250.01	38.582	250.01	66.899
250.25	0.087	250.25	0.183	250.25	0.858	250.25	38.719	250.25	66.926
250.583	0.198	250.583	0.184	250.583	0.859	250.583	38.907	250.583	66.963
250.99	0	250.99	0.185	250.99	0.86	250.99	39.134	250.99	67.009
251	0.003	251	0.185	251	0.86	251	39.14	251	67.01
251.01	0.007	251.01	0.185	251.01	0.86	251.01	39.145	251.01	67.011
251.25	0.087	251.25	0.186	251.25	0.861	251.25	39.279	251.25	67.038
251.583	0.198	251.583	0.186	251.583	0.862	251.583	39.462	251.583	67.075
251.99	0	251.99	0.188	251.99	0.863	251.99	39.685	251.99	67.121
252	0.003	252	0.188	252	0.863	252	39.69	252	67.122
252.01	0.007	252.01	0.188	252.01	0.863	252.01	39.696	252.01	67.123
252.25	0.087	252.25	0.188	252.25	0.864	252.25	39.826	252.25	67.15
252.583	0.198	252.583	0.189	252.583	0.865	252.583	40.006	252.583	67.187
252.99	0	252.99	0.19	252.99	0.866	252.99	40.223	252.99	67.233
253	0.003	253	0.19	253	0.866	253	40.228	253	67.234
253.01	0.007	253.01	0.19	253.01	0.866	253.01	40.233	253.01	67.235
253.25	0.087	253.25	0.191	253.25	0.867	253.25	40.36	253.25	67.262
253.583	0.198	253.583	0.192	253.583	0.868	253.583	40.535	253.583	67.299
253.99	0	253.99	0.193	253.99	0.869	253.99	40.747	253.99	67.345
254	0.003	254	0.193	254	0.869	254	40.752	254	67.346
254.01	0.007	254.01	0.193	254.01	0.869	254.01	40.757	254.01	67.347
254.25	0.087	254.25	0.193	254.25	0.869	254.25	40.881	254.25	67.374
254.583	0.198	254.583	0.194	254.583	0.87	254.583	41.052	254.583	67.411
254.99	0	254.99	0.195	254.99	0.871	254.99	41.257	254.99	67.457
255	0.003	255	0.195	255	0.871	255	41.262	255	67.458
255.01	0.007	255.01	0.195	255.01	0.871	255.01	41.267	255.01	67.459
255.25	0.087	255.25	0.196	255.25	0.872	255.25	41.388	255.25	67.486
255.583	0.198	255.583	0.197	255.583	0.873	255.583	41.554	255.583	67.523
255.99	0	255.99	0.198	255.99	0.874	255.99	41.754	255.99	67.569
256	0.003	256	0.198	256	0.874	256	41.758	256	67.57
256.01	0.007	256.01	0.198	256.01	0.874	256.01	41.763	256.01	67.571
256.25	0.087	256.25	0.199	256.25	0.875	256.25	41.88	256.25	67.598
256.583	0.198	256.583	0.2	256.583	0.875	256.583	42.041	256.583	67.635
256.99	0	256.99	0.201	256.99	0.876	256.99	42.235	256.99	67.681
257	0.003	257	0.201	257	0.876	257	42.24	257	67.682
257.01	0.007	257.01	0.201	257.01	0.876	257.01	42.245	257.01	67.683
257.25	0.087	257.25	0.201	257.25	0.877	257.25	42.358	257.25	67.71
257.583	0.198	257.583	0.202	257.583	0.878	257.583	42.514	257.583	67.747
257.99	0	257.99	0.203	257.99	0.879	257.99	42.702	257.99	67.793
258	0.003	258	0.204	258	0.879	258	42.707	258	67.794
258.01	0.007	258.01	0.204	258.01	0.879	258.01	42.711	258.01	67.795
258.25	0.087	258.25	0.204	258.25	0.879	258.25	42.821	258.25	67.822
258.583	0.198	258.583	0.205	258.583	0.88	258.583	42.972	258.583	67.859
258.99	0	258.99	0.206	258.99	0.881	258.99	43.154	258.99	67.905
259	0.003	259	0.206	259	0.881	259	43.159	259	67.906
259.01	0.007	259.01	0.206	259.01	0.881	259.01	43.163	259.01	67.907
259.25	0.087	259.25	0.207	259.25	0.881	259.25	43.269	259.25	67.934
259.583	0.198	259.583	0.208	259.583	0.882	259.583	43.415	259.583	67.971
259.99	0	259.99	0.209	259.99	0.883	259.99	43.591	259.99	68.017
260	0.003	260	0.209	260	0.883	260	43.595	260	68.018
260.01	0.007	260.01	0.209	260.01	0.883	260.01	43.6	260.01	68.019
260.25	0.087	260.25	0.21	260.25	0.883	260.25	43.702	260.25	68.046
260.583	0.198	260.583	0.211	260.583	0.884	260.583	43.843	260.583	68.083
260.99	0	260.99	0.212	260.99	0.885	260.99	44.013	260.99	68.129
261	0.003	261	0.212	261	0.885	261	44.017	261	68.13
261.01	0.007	261.01	0.212	261.01	0.885	261.01	44.021	261.01	68.131
261.25	0.087	261.25	0.213	261.25	0.885	261.25	44.12	261.25	68.158
261.583	0.198	261.583	0.214	261.583	0.886	261.583	44.256	261.583	68.195
261.99	0	261.99	0.215	261.99	0.887	261.99	44.42	261.99	68.241
262	0.003	262	0.215	262	0.887	262	44.423	262	68.242
262.01	0.007	262.01	0.215	262.01	0.887	262.01	44.427	262.01	68.243
262.25	0.087	262.25	0.215	262.25	0.887	262.25	44.523	262.25	68.27
262.583	0.198	262.583	0.216	262.583	0.888	262.583	44.654	262.583	68.307
262.99	0	262.99	0.218	262.99	0.888	262.99	44.811	262.99	68.353
263	0.003	263	0.218	263	0.889	263	44.815	263	68.354
263.01	0.007	263.01	0.218	263.01	0.889	263.01	44.819	263.01	68.355
263.25	0.087	263.25	0.218	263.25	0.889	263.25	44.911	263.25	68.382
263.583	0.198	263.583	0.219	263.583	0.89	263.583	45.036	263.583	68.419
263.99	0	263.99	0.22	263.99	0.89	263.99	45.188	263.99	68.465
264	0.003	264	0.22	264	0.89	264	45.192	264	68.466
264.01	0.007	264.01	0.22	264.01	0.89	264.01	45.195	264.01	68.467
264.25	0.087	264.25	0.221	264.25	0.891	264.25	45.283	264.25	68.494
264.583	0.198	264.583	0.222	264.583	0.891	264.583	45.404	264.583	68.531
264.99	0	264.99	0.223	264.99	0.892	264.99	45.55	264.99	68.577
265	0.003	265	0.223	265	0.892	265	45.553	265	68.578
265.01	0.007	265.01	0.223	265.01	0.892	265.01	45.557	265.01	68.579
265.25	0.087	265.25	0.224	265.25	0.892	265.25	45.641	265.25	68.606
265.583	0.198	265.583	0.225	265.583	0.893	265.583	45.757	265.583	68.643
265.99	0	265.99	0.226	265.99	0.893	265.99	45.897	265.99	68.689
266	0.003	266	0.226	266	0.893	266	45.9	266	68.69
266.01	0.007	266.01	0.226	266.01	0.893	266.01	45.904	266.01	68.691
266.25	0.087	266.25	0.227	266.25	0.894	266.25	45.985	266.25	68.718
266.583	0.198	266.583	0.228	266.583	0.894	266.583	46.096	266.583	68.755
266.99	0	266.99	0.229	266.99	0.895	266.99	46.23	266.99	68.801
267	0.003	267	0.229	267	0.895	267	46.233	267	68.802
267.01	0.007	267.01	0.229	267.01	0.895	267.01	46.236	267.01	68.803
267.25	0.087	267.25	0.23	267.25	0.895	267.25	46.314	267.25	68.83
267.583	0.198	267.583	0.231	267.583	0.895	267.583	46.42	267.583	68.867
267.99	0	267.99	0.232	267.99	0.896	267.99	46.548	267.99	68.913
268	0.003	268	0.232	268	0.896	268	46.551	268	68.914
268.01	0.007	268.01	0.232	268.01	0.896	268.01	46.554	268.01	68.915
268.25	0.087	268.25	0.233	268.25	0.896	268.25	46.629	268.25	68.942
268.583	0.198	268.583	0.234	268.583	0.897	268.583	46.731	268.583	68.979
268.99	0	268.99	0.235	268.99	0.897	268.99	46.853	268.99	69.025
269	0.003	269	0.235	269	0.897	269	46.856	269	69.026
269.01	0.007	269.01	0.235	269.01	0.897	269.01	46.859	269.01	69.027
269.25	0.087	269.25	0.236	269.25	0.897	269.25	46.93	269.25	69.054
269.583	0.198	269.583	0.237	269.583	0.898	269.583	47.027	269.583	69.091
269.99	0	269.99	0.238	269.99	0.898	269.99	47.144	269.99	69.137
270	0.003	270	0.238	270	0.898	270	47.147	270	69.138
270.01	0.007	270.01	0.238	270.01	0.898	270.01	47.15	270.01	69.139
270.25	0.087	270.25	0.239	270.25	0.899	270.25	47.218	270.25	69.166
270.583	0.198	270.583	0.24	270.583	0.899	270.583	47.311	270.583	69.203
270.99	0	270.99	0.241	270.99	0.899	270.99	47.422	270.99	69.249
271	0.003	271	0.241	271	0.899	271	47.425	271	69.25
271.01	0.007	271.01	0.242	271.01	0.899	271.01	47.427	271.01	69.251
271.25	0.087	271.25	0.242	271.25	0.9	271.25	47.492	271.25	69.278
271.583	0.198	271.583	0.243	271.583	0.9	271.583	47.581	271.583	69.315
271.99	0	271.99	0.245	271.99	0.9	271.99	47.687	271.99	69.361
272	0.003	272	0.245	272	0.9	272	47.69	272	69.362
272.01	0.007	272.01	0.245	272.01	0.9	272.01	47.692	272.01	69.363
272.25	0.087	272.25	0.245	272.25	0.901	272.25	47.754	272.25	69.39
272.583	0.198	272.583	0.246	272.583	0.901	272.583	47.838	272.583	69.427
272.99	0	272.99	0.248	272.99	0.901	272.99	47.94	272.99	69.473
273	0.003	273	0.248	273	0.901	273	47.942	273	69.474
273.01	0.007	273.01	0.248	273.01	0.901	273.01	47.944	273.01	69.475
273.25	0.087	273.25	0.249	273.25	0.902	273.25	48.003	273.25	69.502
273.583	0.198	273.583	0.25	273.583	0.902	273.583	48.084	273.583	69.539
273.99	0	273.99	0.251	273.99	0.902	273.99	48.18	273.99	69.585
274	0.003	274	0.251	274	0.902	274	48.182	274	69.586
274.01	0.007	274.01	0.251	274.01	0.902	274.01	48.185	274.01	69.587
274.25	0.087	274.25	0.252	274.25	0.902	274.25	48.241	274.25	69.614
274.583	0.198	274.583	0.253	274.583	0.903	274.583	48.317	274.583	69.651
274.99	0	274.99	0.254	274.99	0.903	274.99	48.409	274.99	69.697
275	0.003	275	0.254	275	0.903	275	48.411	275	69.698
275.01	0.007	275.01	0.254	275.01	0.903	275.01	48.413	275.01	69.699
275.25	0.087	275.25	0.255	275.25	0.903	275.25	48.467	275.25	69.726
275.583	0.198	275.583	0.256	275.583	0.903	275.583	48.54	275.583	69.763
275.99	0	275.99	0.257	275.99	0.904	275.99	48.627	275.99	69.809
276	0.003	276	0.257	276	0.904	276	48.629	276	69.81
276.01	0.007	276.01	0.257	276.01	0.904	276.01	48.631	276.01	69.811
276.25	0.087	276.25	0.258	276.25	0.904	276.25	48.682	276.25	69.838
276.583	0.198	276.583	0.259	276.583	0.904	276.583	48.751	276.583	69.875
276.99	0	276.99	0.261	276.99	0.904	276.99	48.834	276.99	69.921
277	0.003	277	0.261	277	0.904	277	48.836	277	69.922
277.01	0.007	277.01	0.261	277.01	0.904	277.01	48.838	277.01	69.923
277.25	0.087	277.25	0.261	277.25	0.905	277.25	48.886	277.25	69.95
277.583	0.198	277.583	0.263	277.583	0.905	277.583	48.952	277.583	69.987
277.99	0	277.99	0.264	277.99	0.905	277.99	49.031	277.99	70.033
278	0.003	278	0.264	278	0.905	278	49.033	278	70.034
278.01	0.007	278.01	0.264	278.01	0.905	278.01	49.034	278.01	70.035
278.25	0.087	278.25	0.265	278.25	0.905	278.25	49.08	278.25	70.062
278.583	0.198	278.583	0.266	278.583	0.905	278.583	49.143	278.583	70.099
278.99	0	278.99	0.267	278.99	0.906	278.99	49.218	278.99	70.145
279	0.003	279	0.267	279	0.906	279	49.219	279	70.146
279.01	0.007	279.01	0.267	279.01	0.906	279.01	49.221	279.01	70.147
279.25	0.087	279.25	0.268	279.25	0.906	279.25	49.265	279.25	70.174
279.583	0.198	279.583	0.269	279.583	0.906	279.583	49.324	279.583	70.211
279.99	0	279.99	0.271	279.99	0.906	279.99	49.395	279.99	70.257
280	0.003	280	0.271	280	0.906	280	49.397	280	70.258
280.01	0.007	280.01	0.271	280.01	0.906	280.01	49.399	280.01	70.259
280.25	0.087	280.25	0.271	280.25	0.906	280.25	49.44	280.25	70.286
280.583	0.198	280.583	0.273	280.583	0.906	280.583	49.497	280.583	70.323
280.99	0	280.99	0.274	280.99	0.907	280.99	49.564	280.99	70.369
281	0.003	281	0.274	281	0.907	281	49.566	281	70.37
281.01	0.007	281.01	0.274	281.01	0.907	281.01	49.568	281.01	70.371
281.25	0.087	281.25	0.275	281.25	0.907	281.25	49.607	281.25	70.398
281.583	0.198	281.583	0.276	281.583	0.907	281.583	49.661	281.583	70.435
281.99	0	281.99	0.277	281.99	0.907	281.99	49.725	281.99	70.481
282	0.003	282	0.277	282	0.907	282	49.727	282	70.482
282.01	0.007	282.01	0.277	282.01	0.907	282.01	49.728	282.01	70.483
282.25	0.087	282.25	0.278	282.25	0.907	282.25	49.765	282.25	70.51
282.583	0.198	282.583	0.279	282.583	0.907	282.583	49.817	282.583	70.547
282.99	0	282.99	0.281	282.99	0.907	282.99	49.878	282.99	70.593
283	0.003	283	0.281	283	0.907	283	49.879	283	70.594
283.01	0.007	283.01	0.281	283.01	0.907	283.01	49.881	283.01	70.595
283.25	0.087	283.25	0.282	283.25	0.907	283.25	49.916	283.25	70.622
283.583	0.198	283.583	0.283	283.583	0.908	283.583	49.965	283.583	70.659
283.99	0	283.99	0.284	283.99	0.908	283.99	50.023	283.99	70.705
284	0.003	284	0.284	284	0.908	284	50.025	284	70.706
284.01	0.007	284.01	0.284	284.01	0.908	284.01	50.026	284.01	70.707
284.25	0.087	284.25	0.285	284.25	0.908	284.25	50.06	284.25	70.734
284.583	0.198	284.583	0.286	284.583	0.908	284.583	50.106	284.583	70.771
284.99	0	284.99	0.288	284.99	0.908	284.99	50.162	284.99	70.817
285	0.003	285	0.288	285	0.908	285	50.163	285	70.818
285.01	0.007	285.01	0.288	285.01	0.908	285.01	50.165	285.01	70.819
285.25	0.087	285.25	0.289	285.25	0.908	285.25	50.197	285.25	70.846
285.583	0.198	285.583	0.29	285.583	0.908	285.583	50.241	285.583	70.883
285.99	0	285.99	0.291	285.99	0.908	285.99	50.294	285.99	70.929
286	0.003	286	0.291	286	0.908	286	50.296	286	70.93
286.01	0.007	286.01	0.291	286.01	0.908	286.01	50.297	286.01	70.931
286.25	0.087	286.25	0.292	286.25	0.908	286.25	50.328	286.25	70.958
286.583	0.198	286.583	0.293	286.583	0.908	286.583	50.37	286.583	70.995
286.99	0	286.99	0.295	286.99	0.908	286.99	50.421	286.99	71.041
287	0.003	287	0.295	287	0.908	287	50.422	287	71.042
287.01	0.007	287.01	0.295	287.01	0.908	287.01	50.423	287.01	71.043
287.25	0.087	287.25	0.296	287.25	0.909	287.25	50.453	287.25	71.07
287.583	0.198	287.583	0.297	287.583	0.909	287.583	50.493	287.583	71.107
287.99	0	287.99	0.298	287.99	0.909	287.99	50.542	287.99	71.153
288	0.003	288	0.298	288	0.909	288	50.543	288	71.154
288.01	0.007	288.01	0.298	288.01	0.909	288.01	50.544	288.01	71.155
288.25	0.087	288.25	0.299	288.25	0.909	288.25	50.572	288.25	71.182
288.583	0.198	288.583	0.3	288.583	0.909	288.583	50.611	288.583	71.219
288.99	0	288.99	0.302	288.99	0.909	288.99	50.658	288.99	71.265
289	0.003	289	0.302	289	0.909	289	50.659	289	71.266
289.01	0.007	289.01	0.302	289.01	0.909	289.01	50.66	289.01	71.267
289.25	0.087	289.25	0.303	289.25	0.909	289.25	50.687	289.25	71.294
289.583	0.198	289.583	0.304	289.583	0.909	289.583	50.725	289.583	71.331
289.99	0	289.99	0.306	289.99	0.909	289.99	50.769	289.99	71.377
290	0.003	290	0.306	290	0.909	290	50.771	290	71.378
290.01	0.007	290.01	0.306	290.01	0.909	290.01	50.772	290.01	71.379
290.25	0.087	290.25	0.307	290.25	0.909	290.25	50.798	290.25	71.406
290.583	0.198	290.583	0.308	290.583	0.909	290.583	50.834	290.583	71.443
290.99	0	290.99	0.309	290.99	0.909	290.99	50.877	290.99	71.489
291	0.003	291	0.309	291	0.909	291	50.878	291	71.49
291.01	0.007	291.01	0.309	291.01	0.909	291.01	50.879	291.01	71.491
291.25	0.087	291.25	0.31	291.25	0.909	291.25	50.904	291.25	71.518
291.583	0.198	291.583	0.311	291.583	0.909	291.583	50.939	291.583	71.555
291.99	0	291.99	0.313	291.99	0.909	291.99	50.981	291.99	71.601
292	0.003	292	0.313	292	0.909	292	50.982	292	71.602
292.01	0.007	292.01	0.313	292.01	0.909	292.01	50.983	292.01	71.603
292.25	0.087	292.25	0.314	292.25	0.909	292.25	51.007	292.25	71.63
292.583	0.198	292.583	0.315	292.583	0.909	292.583	51.041	292.583	71.667
292.99	0	292.99	0.317	292.99	0.909	292.99	51.081	292.99	71.713
293	0.003	293	0.317	293	0.909	293	51.082	293	71.714
293.01	0.007	293.01	0.317	293.01	0.909	293.01	51.083	293.01	71.715
293.25	0.087	293.25	0.318	293.25	0.909	293.25	51.107	293.25	71.742
293.583	0.198	293.583	0.319	293.583	0.909	293.583	51.139	293.583	71.779
293.99	0	293.99	0.32	293.99	0.909	293.99	51.179	293.99	71.825
294	0.003	294	0.32	294	0.909	294	51.18	294	71.826
294.01	0.007	294.01	0.32	294.01	0.909	294.01	51.181	294.01	71.827
294.25	0.087	294.25	0.321	294.25	0.909	294.25	51.204	294.25	71.854
294.583	0.198	294.583	0.323	294.583	0.91	294.583	51.235	294.583	71.891
294.99	0	294.99	0.324	294.99	0.91	294.99	51.274	294.99	71.937
295	0.003	295	0.324	295	0.91	295	51.275	295	71.938
295.01	0.007	295.01	0.324	295.01	0.91	295.01	51.276	295.01	71.939
295.25	0.087	295.25	0.325	295.25	0.91	295.25	51.298	295.25	71.966
295.583	0.198	295.583	0.326	295.583	0.91	295.583	51.329	295.583	72.003
295.99	0	295.99	0.328	295.99	0.91	295.99	51.367	295.99	72.049
296	0.003	296	0.328	296	0.91	296	51.368	296	72.05
296.01	0.007	296.01	0.328	296.01	0.91	296.01	51.369	296.01	72.051
296.25	0.087	296.25	0.329	296.25	0.91	296.25	51.391	296.25	72.078
296.583	0.198	296.583	0.33	296.583	0.91	296.583	51.421	296.583	72.115
296.99	0	296.99	0.332	296.99	0.91	296.99	51.458	296.99	72.161
297	0.003	297	0.332	297	0.91	297	51.459	297	72.162
297.01	0.007	297.01	0.332	297.01	0.91	297.01	51.46	297.01	72.163
297.25	0.087	297.25	0.333	297.25	0.91	297.25	51.481	297.25	72.19
297.583	0.198	297.583	0.334	297.583	0.91	297.583	51.511	297.583	72.227
297.99	0	297.99	0.336	297.99	0.91	297.99	51.548	297.99	72.273
298	0.003	298	0.336	298	0.91	298	51.548	298	72.274
298.01	0.007	298.01	0.336	298.01	0.91	298.01	51.549	298.01	72.275
298.25	0.087	298.25	0.337	298.25	0.91	298.25	51.571	298.25	72.302
298.583	0.198	298.583	0.338	298.583	0.91	298.583	51.6	298.583	72.339
298.99	0	298.99	0.34	298.99	0.91	298.99	51.636	298.99	72.385
299	0.003	299	0.34	299	0.91	299	51.637	299	72.386
299.01	0.007	299.01	0.34	299.01	0.91	299.01	51.638	299.01	72.387
299.25	0.087	299.25	0.341	299.25	0.91	299.25	51.659	299.25	72.414
299.583	0.198	299.583	0.342	299.583	0.91	299.583	51.688	299.583	72.451
299.99	0	299.99	0.343	299.99	0.91	299.99	51.724	299.99	72.497
300	0.003	300	0.344	300	0.91	300	51.725	300	72.498
300.01	0.007	300.01	0.344	300.01	0.91	300.01	51.726	300.01	72.499
300.25	0.087	300.25	0.345	300.25	0.91	300.25	51.747	300.25	72.526
300.583	0.198	300.583	0.346	300.583	0.91	300.583	51.776	300.583	72.563
300.99	0	300.99	0.347	300.99	0.91	300.99	51.811	300.99	72.609
301	0.003	301	0.347	301	0.91	301	51.812	301	72.61
301.01	0.007	301.01	0.348	301.01	0.91	301.01	51.813	301.01	72.611
301.25	0.087	301.25	0.348	301.25	0.91	301.25	51.834	301.25	72.638
301.583	0.198	301.583	0.35	301.583	0.91	301.583	51.863	301.583	72.675
301.99	0	301.99	0.351	301.99	0.91	301.99	51.898	301.99	72.721
302	0.003	302	0.351	302	0.91	302	51.899	302	72.722
302.01	0.007	302.01	0.352	302.01	0.91	302.01	51.9	302.01	72.723
302.25	0.087	302.25	0.352	302.25	0.91	302.25	51.92	302.25	72.75
302.583	0.198	302.583	0.354	302.583	0.91	302.583	51.949	302.583	72.787
302.99	0	302.99	0.355	302.99	0.91	302.99	51.985	302.99	72.833
303	0.003	303	0.355	303	0.91	303	51.986	303	72.834
303.01	0.007	303.01	0.356	303.01	0.91	303.01	51.986	303.01	72.835
303.25	0.087	303.25	0.356	303.25	0.91	303.25	52.007	303.25	72.862
303.583	0.198	303.583	0.358	303.583	0.91	303.583	52.036	303.583	72.899
303.99	0	303.99	0.359	303.99	0.91	303.99	52.072	303.99	72.945
304	0.003	304	0.36	304	0.91	304	52.073	304	72.946
304.01	0.007	304.01	0.36	304.01	0.91	304.01	52.073	304.01	72.947
304.25	0.087	304.25	0.361	304.25	0.91	304.25	52.094	304.25	72.974
304.583	0.198	304.583	0.362	304.583	0.91	304.583	52.123	304.583	73.011
304.99	0	304.99	0.364	304.99	0.91	304.99	52.159	304.99	73.057
305	0	305	0.364	305	0.91	305	52.16	305	73.058

